Date,City,PM2.5,PM10,NO2,SO2,AQI
2025-01-01,Delhi,288.2,394.2,60.4,6.4,379
2025-01-01,Mumbai,74.0,107.4,28.7,7.1,86
2025-01-01,Bangalore,75.1,74.5,32.4,5.2,95
2025-01-01,Kolkata,59.0,104.9,31.6,12.8,103
2025-01-01,Hyderabad,47.4,111.1,27.8,5.4,112
2025-01-01,Chennai,87.2,98.8,29.0,9.7,110
2025-01-02,Delhi,287.1,403.9,72.4,5.6,381
2025-01-02,Mumbai,66.1,147.2,25.2,11.9,134
2025-01-02,Bangalore,41.3,70.9,25.0,11.4,57
2025-01-02,Kolkata,66.6,123.4,22.4,7.2,108
2025-01-02,Hyderabad,42.4,112.1,27.3,10.4,104
2025-01-02,Chennai,68.7,133.8,22.1,12.1,128
2025-01-03,Delhi,287.5,368.3,60.8,6.4,366
2025-01-03,Mumbai,74.8,140.0,30.0,7.3,121
2025-01-03,Bangalore,49.6,77.1,20.8,10.1,66
2025-01-03,Kolkata,77.6,117.1,25.2,12.9,113
2025-01-03,Hyderabad,44.4,109.6,27.9,11.0,110
2025-01-03,Chennai,85.3,131.2,30.4,9.0,112
2025-01-04,Delhi,274.2,377.9,63.4,5.4,364
2025-01-04,Mumbai,53.6,126.4,29.5,8.0,126
2025-01-04,Bangalore,54.1,126.2,30.5,7.7,123
2025-01-04,Kolkata,65.4,111.7,25.1,8.3,103
2025-01-04,Hyderabad,78.6,87.3,22.2,6.0,95
2025-01-04,Chennai,58.9,121.5,25.6,12.4,118
2025-01-05,Delhi,282.5,416.5,71.0,6.9,371
2025-01-05,Mumbai,58.8,119.9,22.1,8.5,115
2025-01-05,Bangalore,73.0,92.1,26.6,7.9,86
2025-01-05,Kolkata,37.8,108.6,26.8,6.4,105
2025-01-05,Hyderabad,51.0,81.7,34.8,5.2,85
2025-01-05,Chennai,59.2,102.2,25.0,9.7,103
2025-01-06,Delhi,293.2,366.1,70.7,12.1,379
2025-01-06,Mumbai,56.4,145.0,31.7,10.7,131
2025-01-06,Bangalore,46.1,116.8,20.7,12.1,117
2025-01-06,Kolkata,44.8,86.2,33.1,5.7,72
2025-01-06,Hyderabad,76.8,101.0,34.2,9.4,106
2025-01-06,Chennai,85.2,145.5,20.1,7.4,123
2025-01-07,Delhi,275.0,404.1,72.0,12.0,374
2025-01-07,Mumbai,55.1,127.2,24.7,10.1,107
2025-01-07,Bangalore,74.3,123.4,30.3,12.3,121
2025-01-07,Kolkata,49.5,95.8,30.2,8.5,97
2025-01-07,Hyderabad,45.2,125.9,31.1,12.3,114
2025-01-07,Chennai,58.5,112.6,34.6,10.5,108
2025-01-08,Delhi,270.9,403.8,60.1,10.2,359
2025-01-08,Mumbai,82.2,144.0,26.3,7.3,131
2025-01-08,Bangalore,58.6,92.3,26.4,7.1,94
2025-01-08,Kolkata,44.7,115.3,30.9,6.9,93
2025-01-08,Hyderabad,38.0,107.4,30.8,8.6,100
2025-01-08,Chennai,89.5,95.7,23.8,10.6,122
2025-01-09,Delhi,265.5,408.0,74.3,5.8,366
2025-01-09,Mumbai,57.7,135.8,29.0,5.6,136
2025-01-09,Bangalore,48.9,105.5,22.8,12.7,97
2025-01-09,Kolkata,63.2,74.7,26.1,10.4,86
2025-01-09,Hyderabad,57.1,117.6,22.7,7.7,95
2025-01-09,Chennai,58.9,92.2,33.7,5.0,85
2025-01-10,Delhi,266.4,395.5,65.1,9.0,357
2025-01-10,Mumbai,56.5,133.9,23.1,11.8,130
2025-01-10,Bangalore,66.1,121.8,32.5,11.1,111
2025-01-10,Kolkata,48.8,119.6,28.6,7.0,106
2025-01-10,Hyderabad,50.0,93.6,32.0,12.2,81
2025-01-10,Chennai,85.8,124.7,32.8,6.4,104
2025-01-11,Delhi,266.7,416.8,62.3,6.8,368
2025-01-11,Mumbai,50.6,94.3,22.1,7.7,83
2025-01-11,Bangalore,44.3,125.4,23.9,10.6,117
2025-01-11,Kolkata,79.9,117.3,25.4,7.7,104
2025-01-11,Hyderabad,75.5,105.4,28.6,9.9,93
2025-01-11,Chennai,55.4,124.3,22.7,8.7,115
2025-01-12,Delhi,296.7,402.9,74.2,6.0,395
2025-01-12,Mumbai,59.3,147.8,29.5,8.8,125
2025-01-12,Bangalore,55.1,105.4,33.3,13.0,92
2025-01-12,Kolkata,57.7,121.0,29.4,6.0,99
2025-01-12,Hyderabad,63.6,109.0,33.4,9.3,110
2025-01-12,Chennai,75.0,131.2,32.7,10.8,124
2025-01-13,Delhi,294.8,388.7,70.7,10.7,373
2025-01-13,Mumbai,79.9,128.8,34.7,9.9,105
2025-01-13,Bangalore,77.3,104.7,33.0,10.5,114
2025-01-13,Kolkata,54.9,77.2,26.6,8.5,73
2025-01-13,Hyderabad,64.4,82.9,21.9,12.0,95
2025-01-13,Chennai,80.1,114.5,32.7,7.5,94
2025-01-14,Delhi,298.6,399.5,68.9,12.3,395
2025-01-14,Mumbai,52.0,145.2,29.8,8.9,122
2025-01-14,Bangalore,77.2,102.0,27.3,12.2,104
2025-01-14,Kolkata,58.4,102.1,33.1,5.2,90
2025-01-14,Hyderabad,75.2,101.5,25.3,12.2,107
2025-01-14,Chennai,51.6,111.4,29.4,6.1,96
2025-01-15,Delhi,309.9,361.9,72.9,9.7,411
2025-01-15,Mumbai,77.8,141.5,30.7,10.2,127
2025-01-15,Bangalore,47.9,76.2,25.5,6.7,63
2025-01-15,Kolkata,63.1,89.5,28.3,10.5,83
2025-01-15,Hyderabad,56.8,119.8,28.2,12.5,104
2025-01-15,Chennai,67.6,106.2,21.0,6.1,101
2025-01-16,Delhi,277.1,362.5,62.7,9.4,358
2025-01-16,Mumbai,86.2,113.4,24.4,8.4,122
2025-01-16,Bangalore,51.1,100.2,31.7,5.6,98
2025-01-16,Kolkata,53.1,94.1,27.7,10.5,78
2025-01-16,Hyderabad,59.0,86.8,29.9,12.6,73
2025-01-16,Chennai,89.8,93.6,29.8,7.7,125
2025-01-17,Delhi,265.8,393.0,62.2,5.0,349
2025-01-17,Mumbai,76.1,149.4,23.5,5.5,142
2025-01-17,Bangalore,39.6,73.9,29.1,11.1,74
2025-01-17,Kolkata,51.5,106.1,33.6,5.7,108
2025-01-17,Hyderabad,61.2,72.6,34.1,9.8,79
2025-01-17,Chennai,81.0,127.3,34.5,11.8,120
2025-01-18,Delhi,283.7,397.0,60.2,9.6,375
2025-01-18,Mumbai,67.4,108.8,33.1,12.7,87
2025-01-18,Bangalore,60.9,122.7,33.5,7.5,121
2025-01-18,Kolkata,50.3,77.9,33.0,5.3,79
2025-01-18,Hyderabad,48.8,125.2,30.3,5.9,109
2025-01-18,Chennai,63.0,123.7,21.2,10.1,112
2025-01-19,Delhi,290.1,408.4,74.3,10.0,384
2025-01-19,Mumbai,94.0,126.5,34.9,7.3,121
2025-01-19,Bangalore,79.9,91.2,21.9,11.4,101
2025-01-19,Kolkata,36.6,109.4,24.5,9.8,109
2025-01-19,Hyderabad,75.1,116.6,25.0,8.5,115
2025-01-19,Chennai,65.0,107.0,24.3,8.6,91
2025-01-20,Delhi,271.5,392.9,71.1,8.2,357
2025-01-20,Mumbai,82.4,102.9,34.6,10.1,106
2025-01-20,Bangalore,46.6,73.0,23.2,7.4,68
2025-01-20,Kolkata,78.4,71.5,34.5,12.9,103
2025-01-20,Hyderabad,64.9,84.8,21.5,8.2,88
2025-01-20,Chennai,50.7,147.8,20.3,5.1,131
2025-01-21,Delhi,292.3,410.6,70.3,5.3,382
2025-01-21,Mumbai,76.9,123.1,32.1,11.1,109
2025-01-21,Bangalore,49.5,77.5,22.1,12.0,74
2025-01-21,Kolkata,56.6,125.5,30.4,11.2,113
2025-01-21,Hyderabad,77.7,123.8,24.8,10.9,110
2025-01-21,Chennai,82.8,90.6,22.8,5.3,107
2025-01-22,Delhi,275.7,382.5,71.4,6.7,362
2025-01-22,Mumbai,90.4,140.4,32.4,8.9,133
2025-01-22,Bangalore,38.1,115.6,26.5,10.8,98
2025-01-22,Kolkata,47.0,98.5,28.4,8.7,82
2025-01-22,Hyderabad,78.4,121.0,31.6,10.3,113
2025-01-22,Chennai,61.6,96.1,35.0,9.0,90
2025-01-23,Delhi,307.3,385.5,65.8,8.5,398
2025-01-23,Mumbai,67.2,102.9,21.4,7.2,92
2025-01-23,Bangalore,40.7,107.4,33.1,12.9,93
2025-01-23,Kolkata,44.7,122.7,28.6,8.9,116
2025-01-23,Hyderabad,53.9,117.9,29.9,12.2,103
2025-01-23,Chennai,63.4,129.9,33.9,9.5,113
2025-01-24,Delhi,308.9,409.3,66.8,8.3,406
2025-01-24,Mumbai,82.3,118.6,20.1,6.2,118
2025-01-24,Bangalore,50.5,98.8,26.6,10.4,94
2025-01-24,Kolkata,41.9,79.7,29.0,12.9,82
2025-01-24,Hyderabad,63.9,98.7,26.3,11.4,92
2025-01-24,Chennai,77.3,111.3,32.5,8.0,102
2025-01-25,Delhi,271.0,405.5,65.8,10.8,372
2025-01-25,Mumbai,84.1,129.0,31.7,10.0,124
2025-01-25,Bangalore,55.9,71.2,29.4,8.5,69
2025-01-25,Kolkata,47.3,70.9,30.4,9.7,67
2025-01-25,Hyderabad,53.9,109.1,24.0,8.0,107
2025-01-25,Chennai,68.7,150.0,21.2,12.3,148
2025-01-26,Delhi,281.7,395.0,66.0,11.3,374
2025-01-26,Mumbai,85.0,126.7,28.6,6.4,122
2025-01-26,Bangalore,62.4,77.0,29.1,6.8,83
2025-01-26,Kolkata,62.0,128.2,24.1,11.7,120
2025-01-26,Hyderabad,62.4,85.3,25.7,6.5,92
2025-01-26,Chennai,65.6,128.0,27.5,12.0,117
2025-01-27,Delhi,282.4,406.3,71.5,6.6,373
2025-01-27,Mumbai,52.6,100.1,34.8,11.8,91
2025-01-27,Bangalore,66.8,86.6,23.0,7.9,82
2025-01-27,Kolkata,47.9,75.0,21.1,11.8,73
2025-01-27,Hyderabad,55.1,101.2,26.3,10.5,102
2025-01-27,Chennai,76.8,134.1,30.9,7.5,132
2025-01-28,Delhi,304.3,410.3,70.0,5.9,386
2025-01-28,Mumbai,94.2,146.7,25.7,12.3,142
2025-01-28,Bangalore,51.1,112.3,27.7,7.3,97
2025-01-28,Kolkata,42.5,127.7,33.1,10.4,109
2025-01-28,Hyderabad,53.9,121.0,23.5,9.1,102
2025-01-28,Chennai,77.9,123.1,22.0,5.4,105
2025-01-29,Delhi,287.1,417.4,71.3,10.0,386
2025-01-29,Mumbai,77.5,116.5,33.5,11.4,100
2025-01-29,Bangalore,68.3,97.4,27.0,10.4,87
2025-01-29,Kolkata,41.9,72.7,33.3,12.7,66
2025-01-29,Hyderabad,41.1,83.1,32.3,11.0,80
2025-01-29,Chennai,57.4,121.9,25.6,12.4,113
2025-01-30,Delhi,270.0,362.7,66.0,11.7,346
2025-01-30,Mumbai,79.3,136.6,32.3,10.7,119
2025-01-30,Bangalore,42.2,117.0,23.3,7.1,106
2025-01-30,Kolkata,41.2,105.2,27.1,10.5,98
2025-01-30,Hyderabad,40.6,117.9,32.9,12.5,110
2025-01-30,Chennai,88.1,108.8,24.0,7.9,118
2025-01-31,Delhi,282.3,386.2,66.0,12.0,366
2025-01-31,Mumbai,85.1,118.0,34.4,6.7,101
2025-01-31,Bangalore,72.1,124.6,33.0,5.4,103
2025-01-31,Kolkata,42.4,86.9,29.9,5.1,76
2025-01-31,Hyderabad,74.1,110.6,32.1,10.0,89
2025-01-31,Chennai,89.4,139.6,32.0,7.4,131
2025-02-01,Delhi,39.7,119.6,23.0,5.0,110
2025-02-01,Mumbai,95.0,94.3,25.6,9.0,120
2025-02-01,Bangalore,45.2,106.8,30.0,5.5,101
2025-02-01,Kolkata,39.5,127.0,30.5,5.9,107
2025-02-01,Hyderabad,43.2,80.1,23.8,9.3,85
2025-02-01,Chennai,62.3,139.1,23.7,10.0,119
2025-02-02,Delhi,49.5,73.7,25.3,6.9,80
2025-02-02,Mumbai,75.2,119.4,21.3,9.4,107
2025-02-02,Bangalore,50.7,99.7,35.0,7.4,93
2025-02-02,Kolkata,42.6,111.6,34.4,11.9,93
2025-02-02,Hyderabad,38.4,114.2,24.0,8.0,113
2025-02-02,Chennai,73.8,148.1,30.3,8.9,131
2025-02-03,Delhi,59.0,73.0,33.4,11.0,82
2025-02-03,Mumbai,62.8,115.5,34.6,5.2,106
2025-02-03,Bangalore,79.6,72.3,32.7,11.1,105
2025-02-03,Kolkata,59.5,76.1,29.7,7.0,68
2025-02-03,Hyderabad,44.1,91.9,32.7,5.9,84
2025-02-03,Chennai,74.7,103.8,23.7,9.2,87
2025-02-04,Delhi,61.4,112.2,30.1,5.1,112
2025-02-04,Mumbai,77.8,111.0,28.4,7.0,94
2025-02-04,Bangalore,40.4,110.3,26.3,11.5,111
2025-02-04,Kolkata,54.4,108.8,26.6,8.7,91
2025-02-04,Hyderabad,72.8,99.7,30.7,11.9,86
2025-02-04,Chennai,85.1,138.0,30.7,7.7,114
2025-02-05,Delhi,48.5,104.6,20.0,9.5,92
2025-02-05,Mumbai,90.9,90.4,22.8,11.0,124
2025-02-05,Bangalore,52.6,72.2,23.1,11.0,71
2025-02-05,Kolkata,45.6,117.4,27.1,8.4,113
2025-02-05,Hyderabad,53.8,79.1,25.2,9.0,80
2025-02-05,Chennai,80.9,131.7,29.8,5.8,108
2025-02-06,Delhi,79.3,71.5,28.2,9.0,103
2025-02-06,Mumbai,82.9,108.0,34.4,8.0,120
2025-02-06,Bangalore,58.0,119.8,24.4,8.4,114
2025-02-06,Kolkata,48.3,104.7,23.2,12.7,103
2025-02-06,Hyderabad,76.2,101.3,24.9,12.3,102
2025-02-06,Chennai,88.2,124.7,28.7,8.2,109
2025-02-07,Delhi,55.2,86.4,32.9,11.5,76
2025-02-07,Mumbai,62.8,149.8,34.8,8.9,129
2025-02-07,Bangalore,76.9,123.3,34.9,12.5,100
2025-02-07,Kolkata,74.1,73.4,29.6,12.5,105
2025-02-07,Hyderabad,35.6,70.9,31.3,12.0,75
2025-02-07,Chennai,85.8,115.3,21.4,7.6,105
2025-02-08,Delhi,70.6,82.7,26.7,9.6,103
2025-02-08,Mumbai,88.7,134.0,29.9,10.9,129
2025-02-08,Bangalore,77.4,84.9,20.1,5.3,101
2025-02-08,Kolkata,78.5,95.7,33.1,9.1,92
2025-02-08,Hyderabad,38.4,129.1,34.5,5.8,107
2025-02-08,Chennai,93.7,93.7,25.6,8.7,131
2025-02-09,Delhi,55.6,116.4,31.6,6.0,97
2025-02-09,Mumbai,77.6,107.7,30.7,9.5,100
2025-02-09,Bangalore,60.3,112.7,22.0,10.2,105
2025-02-09,Kolkata,66.0,102.1,32.9,7.8,88
2025-02-09,Hyderabad,47.2,89.7,28.6,6.1,76
2025-02-09,Chennai,64.5,149.9,32.3,6.4,134
2025-02-10,Delhi,59.6,125.8,23.0,9.9,117
2025-02-10,Mumbai,94.3,122.6,23.7,8.5,114
2025-02-10,Bangalore,58.1,97.1,25.0,11.3,94
2025-02-10,Kolkata,60.5,110.2,21.7,5.7,111
2025-02-10,Hyderabad,76.9,102.4,25.6,7.3,94
2025-02-10,Chennai,68.1,147.0,26.0,5.4,129
2025-02-11,Delhi,55.8,75.9,29.5,7.7,76
2025-02-11,Mumbai,54.6,107.3,34.0,8.1,103
2025-02-11,Bangalore,44.7,120.3,34.3,5.1,110
2025-02-11,Kolkata,56.2,76.2,20.1,11.8,73
2025-02-11,Hyderabad,44.8,84.7,28.9,10.8,90
2025-02-11,Chennai,54.2,117.0,24.6,10.6,97
2025-02-12,Delhi,60.5,112.9,30.9,7.0,110
2025-02-12,Mumbai,73.6,147.1,21.1,12.6,143
2025-02-12,Bangalore,60.7,120.6,28.5,11.9,114
2025-02-12,Kolkata,62.3,121.2,20.4,9.8,113
2025-02-12,Hyderabad,53.6,92.8,22.5,9.4,84
2025-02-12,Chennai,92.6,95.2,24.5,12.5,123
2025-02-13,Delhi,77.0,81.9,25.4,6.3,99
2025-02-13,Mumbai,87.2,118.4,32.4,10.1,122
2025-02-13,Bangalore,37.4,126.6,34.2,7.7,114
2025-02-13,Kolkata,51.9,129.1,29.3,5.1,123
2025-02-13,Hyderabad,38.6,95.6,34.4,5.7,93
2025-02-13,Chennai,93.3,113.9,31.1,6.7,127
2025-02-14,Delhi,61.6,109.9,30.0,9.3,101
2025-02-14,Mumbai,62.4,101.6,31.9,12.2,92
2025-02-14,Bangalore,48.8,114.7,25.3,12.0,112
2025-02-14,Kolkata,79.4,79.0,24.1,6.4,97
2025-02-14,Hyderabad,64.0,108.1,22.6,8.9,107
2025-02-14,Chennai,82.1,93.0,33.4,10.7,110
2025-02-15,Delhi,61.3,83.8,34.1,8.4,77
2025-02-15,Mumbai,63.2,105.6,32.2,7.6,103
2025-02-15,Bangalore,74.6,97.0,29.5,7.7,89
2025-02-15,Kolkata,59.8,108.6,21.5,5.5,104
2025-02-15,Hyderabad,42.3,127.8,26.9,11.5,106
2025-02-15,Chennai,61.6,97.0,25.0,10.7,84
2025-02-16,Delhi,63.6,125.3,24.6,9.4,119
2025-02-16,Mumbai,88.0,101.8,28.6,5.3,128
2025-02-16,Bangalore,45.9,114.1,24.6,7.5,116
2025-02-16,Kolkata,71.3,89.2,32.3,11.7,92
2025-02-16,Hyderabad,45.9,85.0,31.2,6.0,79
2025-02-16,Chennai,89.4,118.7,33.7,6.6,111
2025-02-17,Delhi,74.2,107.3,26.1,6.0,98
2025-02-17,Mumbai,76.8,132.0,21.3,11.7,127
2025-02-17,Bangalore,37.6,72.8,24.6,11.2,58
2025-02-17,Kolkata,59.1,119.7,23.5,8.4,111
2025-02-17,Hyderabad,55.7,118.5,20.0,6.9,96
2025-02-17,Chennai,80.0,100.7,29.2,12.5,97
2025-02-18,Delhi,58.2,108.8,31.0,8.0,103
2025-02-18,Mumbai,82.6,97.0,24.3,10.4,99
2025-02-18,Bangalore,51.0,74.7,27.6,5.1,57
2025-02-18,Kolkata,65.2,120.4,27.2,8.2,121
2025-02-18,Hyderabad,63.0,75.0,25.5,11.7,91
2025-02-18,Chennai,81.3,92.1,30.0,8.2,97
2025-02-19,Delhi,36.9,95.5,23.9,5.8,95
2025-02-19,Mumbai,60.8,128.3,23.5,11.9,126
2025-02-19,Bangalore,74.4,101.1,32.9,6.1,96
2025-02-19,Kolkata,73.7,93.3,24.7,6.1,93
2025-02-19,Hyderabad,45.0,75.3,26.0,6.8,61
2025-02-19,Chennai,59.2,140.0,28.2,10.9,126
2025-02-20,Delhi,54.5,112.9,23.2,8.7,104
2025-02-20,Mumbai,90.0,148.0,24.9,8.2,132
2025-02-20,Bangalore,38.7,100.2,33.8,6.4,101
2025-02-20,Kolkata,66.2,114.1,21.9,5.5,101
2025-02-20,Hyderabad,75.6,117.7,20.9,12.4,119
2025-02-20,Chennai,94.9,145.0,26.4,5.5,137
2025-02-21,Delhi,66.8,97.9,32.0,7.6,94
2025-02-21,Mumbai,67.2,129.0,22.8,10.9,121
2025-02-21,Bangalore,66.9,89.4,25.7,7.4,99
2025-02-21,Kolkata,50.0,116.3,31.9,11.7,113
2025-02-21,Hyderabad,77.5,76.7,31.8,8.8,90
2025-02-21,Chennai,91.0,94.2,29.4,7.6,116
2025-02-22,Delhi,40.4,105.0,34.5,7.9,95
2025-02-22,Mumbai,77.2,138.7,30.4,12.4,123
2025-02-22,Bangalore,76.6,75.7,23.5,9.4,95
2025-02-22,Kolkata,35.1,102.8,20.7,6.7,89
2025-02-22,Hyderabad,66.6,87.9,25.7,11.1,83
2025-02-22,Chennai,63.9,127.6,26.8,8.1,128
2025-02-23,Delhi,68.7,122.5,29.9,6.8,115
2025-02-23,Mumbai,74.6,108.1,27.4,5.4,89
2025-02-23,Bangalore,72.8,96.9,23.9,10.9,91
2025-02-23,Kolkata,46.0,96.5,21.1,5.7,100
2025-02-23,Hyderabad,67.6,127.3,26.7,11.7,125
2025-02-23,Chennai,52.4,143.7,27.0,10.3,133
2025-02-24,Delhi,40.6,99.6,30.2,8.4,80
2025-02-24,Mumbai,63.5,130.7,23.8,10.7,124
2025-02-24,Bangalore,63.5,75.3,28.1,10.7,96
2025-02-24,Kolkata,74.0,85.2,29.4,9.6,87
2025-02-24,Hyderabad,36.7,118.8,22.7,8.6,103
2025-02-24,Chennai,76.9,105.9,30.6,6.1,104
2025-02-25,Delhi,41.3,114.9,21.4,6.7,114
2025-02-25,Mumbai,54.0,98.8,34.4,7.2,88
2025-02-25,Bangalore,42.2,101.3,21.6,12.2,93
2025-02-25,Kolkata,79.6,92.1,23.0,9.4,95
2025-02-25,Hyderabad,58.7,124.0,34.3,11.0,120
2025-02-25,Chennai,82.8,95.7,33.4,7.1,118
2025-02-26,Delhi,74.1,79.4,34.6,11.7,95
2025-02-26,Mumbai,51.4,107.8,32.9,8.5,88
2025-02-26,Bangalore,77.0,74.5,20.4,7.3,93
2025-02-26,Kolkata,78.8,70.8,26.6,9.8,106
2025-02-26,Hyderabad,59.6,94.0,22.1,8.4,88
2025-02-26,Chennai,93.8,139.2,29.8,7.4,133
2025-02-27,Delhi,66.3,72.4,27.2,12.7,76
2025-02-27,Mumbai,51.8,93.3,28.0,9.0,90
2025-02-27,Bangalore,79.8,116.6,22.9,12.2,106
2025-02-27,Kolkata,59.5,96.3,26.1,9.7,88
2025-02-27,Hyderabad,40.3,87.5,27.3,12.0,77
2025-02-27,Chennai,68.6,143.3,24.7,11.3,142
2025-02-28,Delhi,52.3,115.7,21.8,5.1,106
2025-02-28,Mumbai,60.4,96.8,25.1,9.2,85
2025-02-28,Bangalore,52.4,107.3,20.5,12.3,94
2025-02-28,Kolkata,51.8,111.5,28.9,6.4,109
2025-02-28,Hyderabad,70.1,78.5,24.3,5.1,105
2025-02-28,Chennai,71.6,148.4,34.3,5.7,133
2025-03-01,Delhi,36.5,98.0,33.1,5.4,78
2025-03-01,Mumbai,93.2,90.5,34.6,10.8,127
2025-03-01,Bangalore,54.5,84.7,31.6,12.4,85
2025-03-01,Kolkata,77.8,116.1,23.9,6.8,116
2025-03-01,Hyderabad,66.9,101.3,27.3,5.5,83
2025-03-01,Chennai,89.2,134.9,34.7,8.1,114
2025-03-02,Delhi,56.7,85.0,31.8,9.1,85
2025-03-02,Mumbai,51.8,123.6,20.2,6.0,103
2025-03-02,Bangalore,40.4,127.7,31.2,8.1,120
2025-03-02,Kolkata,63.3,98.2,33.8,8.3,87
2025-03-02,Hyderabad,67.5,117.5,21.8,5.9,116
2025-03-02,Chennai,56.7,131.8,28.2,7.9,121
2025-03-03,Delhi,45.9,83.9,30.0,10.5,74
2025-03-03,Mumbai,61.8,148.4,26.2,9.1,123
2025-03-03,Bangalore,54.5,112.3,32.6,7.1,92
2025-03-03,Kolkata,43.5,123.0,30.7,7.4,118
2025-03-03,Hyderabad,70.1,111.4,26.5,10.7,91
2025-03-03,Chennai,62.7,133.9,26.6,12.1,134
2025-03-04,Delhi,71.2,107.9,34.4,7.3,102
2025-03-04,Mumbai,77.9,110.1,21.4,6.7,95
2025-03-04,Bangalore,59.3,92.9,26.7,7.3,96
2025-03-04,Kolkata,71.7,103.6,22.1,12.4,105
2025-03-04,Hyderabad,47.9,126.6,34.2,8.3,104
2025-03-04,Chennai,57.5,129.1,32.9,12.9,124
2025-03-05,Delhi,44.3,71.3,27.6,12.6,56
2025-03-05,Mumbai,59.7,138.3,26.8,10.1,135
2025-03-05,Bangalore,75.7,70.3,26.0,10.6,99
2025-03-05,Kolkata,38.1,78.8,27.6,10.2,68
2025-03-05,Hyderabad,64.8,125.4,24.6,7.8,119
2025-03-05,Chennai,53.7,147.5,32.7,10.4,135
2025-03-06,Delhi,50.5,98.9,24.6,6.4,92
2025-03-06,Mumbai,77.7,111.8,22.2,5.5,107
2025-03-06,Bangalore,54.4,127.0,29.8,8.9,112
2025-03-06,Kolkata,36.1,90.9,21.9,10.6,71
2025-03-06,Hyderabad,70.6,84.1,34.5,8.3,104
2025-03-06,Chennai,76.0,121.9,34.5,10.2,121
2025-03-07,Delhi,44.4,83.3,33.6,5.2,71
2025-03-07,Mumbai,84.3,135.6,28.3,5.3,113
2025-03-07,Bangalore,50.3,125.8,24.8,9.0,108
2025-03-07,Kolkata,41.0,125.1,23.2,11.8,105
2025-03-07,Hyderabad,61.5,113.8,33.8,11.2,96
2025-03-07,Chennai,89.5,113.9,21.2,5.8,125
2025-03-08,Delhi,77.4,92.8,26.7,10.7,101
2025-03-08,Mumbai,76.0,113.0,20.7,5.0,109
2025-03-08,Bangalore,76.5,124.8,29.1,10.8,125
2025-03-08,Kolkata,73.4,126.1,20.8,7.2,122
2025-03-08,Hyderabad,48.2,124.4,34.7,8.2,122
2025-03-08,Chennai,93.3,103.7,22.8,7.8,120
2025-03-09,Delhi,35.4,118.2,23.2,9.7,107
2025-03-09,Mumbai,93.0,138.8,23.0,5.7,135
2025-03-09,Bangalore,62.6,123.7,34.7,9.7,103
2025-03-09,Kolkata,55.0,120.6,27.0,7.6,100
2025-03-09,Hyderabad,37.3,83.6,24.3,6.5,81
2025-03-09,Chennai,51.4,122.5,30.6,7.8,109
2025-03-10,Delhi,44.4,91.9,31.9,8.1,95
2025-03-10,Mumbai,75.3,116.4,34.9,6.9,108
2025-03-10,Bangalore,48.8,98.4,30.3,11.6,91
2025-03-10,Kolkata,48.0,105.1,29.5,7.4,95
2025-03-10,Hyderabad,70.2,73.9,29.9,5.7,103
2025-03-10,Chennai,62.1,104.9,33.2,6.8,102
2025-03-11,Delhi,79.9,103.0,26.8,5.1,93
2025-03-11,Mumbai,64.9,106.8,27.1,12.5,103
2025-03-11,Bangalore,77.4,113.1,21.8,8.5,93
2025-03-11,Kolkata,37.7,99.3,22.8,10.1,86
2025-03-11,Hyderabad,52.3,77.3,23.4,5.4,67
2025-03-11,Chennai,88.4,145.7,25.9,9.8,145
2025-03-12,Delhi,74.9,129.6,22.3,5.4,127
2025-03-12,Mumbai,66.8,124.8,21.3,11.8,116
2025-03-12,Bangalore,61.8,107.9,22.4,5.7,88
2025-03-12,Kolkata,79.2,95.6,29.3,10.1,115
2025-03-12,Hyderabad,42.5,116.8,27.1,10.3,103
2025-03-12,Chennai,88.6,96.3,33.3,11.3,107
2025-03-13,Delhi,36.8,96.3,29.8,5.2,93
2025-03-13,Mumbai,83.5,102.5,34.4,10.5,116
2025-03-13,Bangalore,73.5,73.5,27.9,8.6,105
2025-03-13,Kolkata,73.3,115.0,26.4,7.2,98
2025-03-13,Hyderabad,36.6,90.5,27.0,11.2,85
2025-03-13,Chennai,87.0,142.1,29.0,8.4,125
2025-03-14,Delhi,57.8,73.8,29.4,11.4,74
2025-03-14,Mumbai,73.0,115.7,28.2,6.3,100
2025-03-14,Bangalore,36.1,108.4,27.5,8.4,87
2025-03-14,Kolkata,55.4,128.9,23.6,6.4,125
2025-03-14,Hyderabad,35.4,126.7,29.6,11.9,118
2025-03-14,Chennai,55.6,115.0,34.7,6.0,100
2025-03-15,Delhi,70.0,84.6,24.8,7.4,86
2025-03-15,Mumbai,79.5,140.8,32.4,10.5,126
2025-03-15,Bangalore,71.2,114.6,23.9,12.5,104
2025-03-15,Kolkata,45.3,73.6,26.1,5.8,79
2025-03-15,Hyderabad,75.6,101.4,29.3,10.9,96
2025-03-15,Chennai,56.8,109.1,21.7,12.8,97
2025-03-16,Delhi,36.9,102.0,26.3,12.4,105
2025-03-16,Mumbai,80.8,116.4,24.4,6.8,103
2025-03-16,Bangalore,57.7,111.7,20.9,9.0,96
2025-03-16,Kolkata,39.1,103.6,32.5,9.4,94
2025-03-16,Hyderabad,68.4,100.6,20.7,9.9,86
2025-03-16,Chennai,69.2,134.2,21.3,6.2,119
2025-03-17,Delhi,46.3,111.6,27.3,10.0,101
2025-03-17,Mumbai,76.5,97.1,32.7,8.6,107
2025-03-17,Bangalore,77.0,86.1,33.8,9.8,98
2025-03-17,Kolkata,72.0,123.3,23.5,5.6,119
2025-03-17,Hyderabad,36.2,77.4,28.7,5.0,63
2025-03-17,Chennai,75.3,96.6,32.0,6.0,98
2025-03-18,Delhi,60.4,118.1,29.3,10.4,102
2025-03-18,Mumbai,89.8,108.6,22.6,11.2,114
2025-03-18,Bangalore,56.3,113.8,26.5,9.5,104
2025-03-18,Kolkata,39.1,79.2,20.3,11.1,61
2025-03-18,Hyderabad,38.4,110.8,27.3,7.4,108
2025-03-18,Chennai,62.6,94.3,21.4,10.9,74
2025-03-19,Delhi,63.6,109.6,33.3,7.5,110
2025-03-19,Mumbai,75.6,120.6,28.6,6.7,109
2025-03-19,Bangalore,68.2,101.6,28.4,12.3,97
2025-03-19,Kolkata,71.2,77.6,34.5,5.7,98
2025-03-19,Hyderabad,37.3,88.0,28.5,7.0,90
2025-03-19,Chennai,70.1,105.5,31.5,7.8,104
2025-03-20,Delhi,63.2,81.9,31.7,5.5,89
2025-03-20,Mumbai,84.9,124.0,33.2,10.8,121
2025-03-20,Bangalore,53.0,129.7,23.2,5.9,113
2025-03-20,Kolkata,70.1,75.3,20.0,5.1,85
2025-03-20,Hyderabad,61.3,94.7,30.5,11.7,84
2025-03-20,Chennai,93.9,127.1,28.7,5.0,119
2025-03-21,Delhi,52.6,105.5,33.9,7.1,108
2025-03-21,Mumbai,82.9,141.9,30.1,12.6,117
2025-03-21,Bangalore,65.7,83.6,22.8,6.6,90
2025-03-21,Kolkata,63.5,124.5,30.0,10.7,111
2025-03-21,Hyderabad,79.8,113.1,31.1,8.5,111
2025-03-21,Chennai,81.3,93.0,31.3,6.9,97
2025-03-22,Delhi,74.6,111.4,26.2,6.5,90
2025-03-22,Mumbai,89.0,146.0,35.0,9.1,131
2025-03-22,Bangalore,56.6,82.4,30.8,8.2,77
2025-03-22,Kolkata,45.6,93.6,25.6,11.3,74
2025-03-22,Hyderabad,65.1,81.2,32.3,7.2,78
2025-03-22,Chennai,94.5,111.2,27.6,5.3,125
2025-03-23,Delhi,71.0,76.8,23.3,11.0,86
2025-03-23,Mumbai,51.8,101.4,20.8,12.8,91
2025-03-23,Bangalore,41.5,86.7,28.2,10.3,72
2025-03-23,Kolkata,48.7,80.7,32.4,11.3,79
2025-03-23,Hyderabad,35.4,126.4,23.2,8.7,118
2025-03-23,Chennai,93.9,126.1,22.3,12.3,133
2025-03-24,Delhi,64.6,76.2,31.3,7.8,73
2025-03-24,Mumbai,72.2,102.2,33.2,7.5,100
2025-03-24,Bangalore,55.6,117.9,23.1,5.9,107
2025-03-24,Kolkata,64.6,73.2,27.0,5.6,75
2025-03-24,Hyderabad,43.1,100.4,24.9,11.2,102
2025-03-24,Chennai,74.1,149.7,23.3,5.4,126
2025-03-25,Delhi,46.3,115.1,21.3,12.1,105
2025-03-25,Mumbai,67.8,127.3,23.9,8.8,111
2025-03-25,Bangalore,59.8,88.5,22.6,8.9,74
2025-03-25,Kolkata,48.7,75.2,33.8,9.7,62
2025-03-25,Hyderabad,51.2,77.9,29.2,12.1,71
2025-03-25,Chennai,92.7,92.6,34.5,5.4,128
2025-03-26,Delhi,45.4,73.4,31.1,7.0,76
2025-03-26,Mumbai,74.9,108.2,33.7,12.5,101
2025-03-26,Bangalore,71.3,118.1,21.1,8.6,103
2025-03-26,Kolkata,53.5,85.6,28.5,7.0,74
2025-03-26,Hyderabad,55.7,91.5,32.3,10.1,96
2025-03-26,Chennai,59.8,148.4,26.7,9.5,143
2025-03-27,Delhi,52.4,85.0,29.5,7.6,74
2025-03-27,Mumbai,94.7,125.6,29.8,8.3,137
2025-03-27,Bangalore,36.5,107.1,33.0,7.4,104
2025-03-27,Kolkata,79.2,95.1,34.8,8.8,92
2025-03-27,Hyderabad,46.3,85.6,30.9,5.7,88
2025-03-27,Chennai,81.5,122.2,24.2,9.0,101
2025-03-28,Delhi,35.7,82.2,26.6,9.8,80
2025-03-28,Mumbai,64.9,124.7,29.8,8.9,123
2025-03-28,Bangalore,44.4,89.9,33.0,12.2,88
2025-03-28,Kolkata,41.7,107.9,21.5,7.5,95
2025-03-28,Hyderabad,76.2,102.0,25.2,8.8,93
2025-03-28,Chennai,66.1,143.2,27.7,6.0,128
2025-03-29,Delhi,36.3,97.2,31.1,6.6,87
2025-03-29,Mumbai,51.5,122.7,33.1,8.3,121
2025-03-29,Bangalore,77.6,70.9,29.2,6.7,97
2025-03-29,Kolkata,62.4,84.2,29.0,12.4,89
2025-03-29,Hyderabad,78.1,80.4,32.7,10.3,114
2025-03-29,Chennai,52.2,125.6,34.3,11.0,104
2025-03-30,Delhi,51.5,127.6,25.4,8.3,123
2025-03-30,Mumbai,52.2,122.4,26.1,10.3,120
2025-03-30,Bangalore,51.2,79.5,31.7,5.8,77
2025-03-30,Kolkata,37.6,89.2,31.5,7.8,70
2025-03-30,Hyderabad,53.2,126.5,21.5,10.2,127
2025-03-30,Chennai,84.8,91.0,34.5,9.4,115
2025-03-31,Delhi,79.6,100.6,21.6,7.2,113
2025-03-31,Mumbai,87.3,101.3,33.7,7.0,110
2025-03-31,Bangalore,55.7,80.4,26.0,12.0,85
2025-03-31,Kolkata,75.0,82.6,20.2,11.7,108
2025-03-31,Hyderabad,53.1,70.1,27.4,12.5,78
2025-03-31,Chennai,82.7,137.7,32.4,5.6,136
2025-04-01,Delhi,48.7,73.4,30.1,8.3,63
2025-04-01,Mumbai,87.4,122.8,23.3,9.3,105
2025-04-01,Bangalore,59.1,125.7,34.3,7.9,120
2025-04-01,Kolkata,37.6,128.8,32.7,7.0,121
2025-04-01,Hyderabad,56.6,109.0,29.6,5.2,97
2025-04-01,Chennai,78.1,130.3,29.9,9.9,110
2025-04-02,Delhi,49.4,118.6,22.3,9.7,106
2025-04-02,Mumbai,78.0,110.5,21.7,12.9,94
2025-04-02,Bangalore,68.5,127.8,27.0,9.6,125
2025-04-02,Kolkata,59.5,121.4,23.1,8.8,104
2025-04-02,Hyderabad,67.5,115.2,26.2,11.7,111
2025-04-02,Chennai,79.4,120.5,25.4,11.7,120
2025-04-03,Delhi,60.3,79.8,22.3,9.1,71
2025-04-03,Mumbai,75.2,147.1,31.3,5.1,134
2025-04-03,Bangalore,43.6,121.1,29.9,5.1,121
2025-04-03,Kolkata,78.9,90.6,21.9,11.4,108
2025-04-03,Hyderabad,35.9,94.2,20.3,9.6,93
2025-04-03,Chennai,67.1,109.9,23.2,6.9,89
2025-04-04,Delhi,77.7,93.9,28.0,5.5,101
2025-04-04,Mumbai,59.0,146.0,21.1,12.6,130
2025-04-04,Bangalore,61.3,93.5,29.5,5.1,84
2025-04-04,Kolkata,52.9,93.1,25.4,11.8,89
2025-04-04,Hyderabad,60.5,102.4,20.7,12.7,101
2025-04-04,Chennai,79.7,145.1,28.0,7.5,134
2025-04-05,Delhi,45.8,82.9,31.8,9.7,78
2025-04-05,Mumbai,55.2,117.4,22.8,9.1,119
2025-04-05,Bangalore,78.1,107.9,27.5,6.6,94
2025-04-05,Kolkata,67.8,84.4,32.5,12.1,84
2025-04-05,Hyderabad,58.4,123.8,30.3,12.3,103
2025-04-05,Chennai,82.8,113.5,22.3,11.8,113
2025-04-06,Delhi,67.6,75.7,26.4,10.2,99
2025-04-06,Mumbai,94.8,125.6,32.9,8.3,123
2025-04-06,Bangalore,74.5,88.2,24.5,8.3,90
2025-04-06,Kolkata,43.3,105.8,31.6,5.9,85
2025-04-06,Hyderabad,53.4,122.7,30.4,7.6,123
2025-04-06,Chennai,95.0,104.1,29.4,6.1,114
2025-04-07,Delhi,64.1,76.6,22.2,5.3,83
2025-04-07,Mumbai,57.0,142.7,32.5,8.4,135
2025-04-07,Bangalore,60.8,85.5,29.2,5.3,90
2025-04-07,Kolkata,38.6,125.2,24.0,10.4,123
2025-04-07,Hyderabad,39.6,89.6,23.6,10.6,94
2025-04-07,Chennai,72.4,136.5,30.9,10.4,129
2025-04-08,Delhi,70.1,93.6,25.7,12.3,97
2025-04-08,Mumbai,60.0,136.3,22.9,10.0,123
2025-04-08,Bangalore,51.8,109.1,25.6,10.8,104
2025-04-08,Kolkata,57.7,91.7,29.6,7.4,95
2025-04-08,Hyderabad,78.0,104.4,21.7,9.9,95
2025-04-08,Chennai,60.6,94.1,30.1,11.9,96
2025-04-09,Delhi,37.3,92.1,24.5,11.3,83
2025-04-09,Mumbai,72.5,139.0,31.6,6.1,133
2025-04-09,Bangalore,37.6,107.4,33.3,9.7,86
2025-04-09,Kolkata,70.3,106.1,33.1,6.1,95
2025-04-09,Hyderabad,55.4,93.5,22.7,12.3,98
2025-04-09,Chennai,83.5,115.9,25.8,10.5,116
2025-04-10,Delhi,65.5,117.7,25.0,11.2,106
2025-04-10,Mumbai,72.2,138.5,22.6,10.2,117
2025-04-10,Bangalore,72.3,129.7,27.2,6.6,124
2025-04-10,Kolkata,76.4,122.2,27.3,10.5,104
2025-04-10,Hyderabad,62.3,107.7,22.8,9.0,109
2025-04-10,Chennai,82.9,110.5,20.8,6.2,116
2025-04-11,Delhi,72.6,95.3,31.8,12.5,88
2025-04-11,Mumbai,56.3,121.2,27.9,11.6,117
2025-04-11,Bangalore,46.3,85.7,22.9,5.2,84
2025-04-11,Kolkata,51.2,115.1,30.2,6.2,94
2025-04-11,Hyderabad,52.5,71.7,30.2,9.7,81
2025-04-11,Chennai,52.0,133.6,30.5,6.3,120
2025-04-12,Delhi,49.5,100.3,28.8,5.3,84
2025-04-12,Mumbai,87.6,90.5,27.7,9.6,108
2025-04-12,Bangalore,57.8,106.3,31.4,10.5,100
2025-04-12,Kolkata,77.2,74.5,28.9,12.8,101
2025-04-12,Hyderabad,60.6,88.9,30.0,10.3,73
2025-04-12,Chennai,94.2,120.6,32.8,5.2,117
2025-04-13,Delhi,48.3,108.3,22.7,7.1,87
2025-04-13,Mumbai,65.7,143.0,33.7,10.1,135
2025-04-13,Bangalore,61.8,126.1,27.4,10.2,125
2025-04-13,Kolkata,49.1,101.5,25.7,5.5,100
2025-04-13,Hyderabad,63.2,76.7,27.0,12.9,83
2025-04-13,Chennai,80.3,121.7,27.7,8.9,119
2025-04-14,Delhi,79.3,79.2,26.4,6.2,95
2025-04-14,Mumbai,61.5,135.6,27.9,10.8,117
2025-04-14,Bangalore,73.1,120.0,30.9,6.2,121
2025-04-14,Kolkata,58.2,104.8,32.5,10.2,88
2025-04-14,Hyderabad,65.7,80.6,30.8,7.7,87
2025-04-14,Chennai,63.4,134.2,33.9,11.0,123
2025-04-15,Delhi,42.2,107.9,30.6,6.7,104
2025-04-15,Mumbai,73.3,122.2,21.5,10.7,114
2025-04-15,Bangalore,79.3,76.8,23.6,7.8,115
2025-04-15,Kolkata,76.0,91.3,22.2,8.9,101
2025-04-15,Hyderabad,42.0,87.5,32.7,7.3,87
2025-04-15,Chennai,79.7,132.3,33.8,12.9,113
2025-04-16,Delhi,73.2,78.1,20.1,6.0,89
2025-04-16,Mumbai,72.0,126.1,25.8,5.6,106
2025-04-16,Bangalore,44.0,115.6,28.6,12.9,106
2025-04-16,Kolkata,63.3,74.5,32.8,5.7,80
2025-04-16,Hyderabad,43.4,86.4,22.1,11.3,78
2025-04-16,Chennai,80.4,105.2,22.5,6.2,104
2025-04-17,Delhi,63.0,80.7,21.6,9.6,81
2025-04-17,Mumbai,82.3,116.4,24.0,10.3,115
2025-04-17,Bangalore,53.6,97.8,31.1,12.6,83
2025-04-17,Kolkata,62.3,99.0,20.1,7.9,99
2025-04-17,Hyderabad,47.4,90.7,20.2,9.7,78
2025-04-17,Chennai,67.2,105.6,26.6,5.9,104
2025-04-18,Delhi,55.8,100.7,32.5,11.0,91
2025-04-18,Mumbai,83.7,149.7,20.4,12.2,138
2025-04-18,Bangalore,35.9,123.3,25.3,7.1,115
2025-04-18,Kolkata,52.1,107.0,28.3,7.6,101
2025-04-18,Hyderabad,38.0,111.9,31.5,7.4,95
2025-04-18,Chennai,64.2,118.7,33.9,11.3,100
2025-04-19,Delhi,53.3,108.3,28.0,8.3,109
2025-04-19,Mumbai,60.0,123.7,27.1,7.7,121
2025-04-19,Bangalore,54.1,70.4,27.2,12.2,63
2025-04-19,Kolkata,58.8,74.6,29.0,8.4,86
2025-04-19,Hyderabad,37.8,128.1,34.3,9.5,110
2025-04-19,Chennai,89.4,135.3,33.2,5.0,125
2025-04-20,Delhi,44.8,115.9,32.1,12.1,106
2025-04-20,Mumbai,86.1,93.6,20.9,11.2,112
2025-04-20,Bangalore,42.1,120.3,25.0,11.8,121
2025-04-20,Kolkata,45.9,125.1,30.4,5.5,117
2025-04-20,Hyderabad,53.4,72.6,26.9,9.3,64
2025-04-20,Chennai,94.7,132.4,31.0,12.4,115
2025-04-21,Delhi,77.6,122.1,21.8,7.3,111
2025-04-21,Mumbai,72.6,131.6,22.0,5.2,115
2025-04-21,Bangalore,47.8,102.8,25.6,13.0,88
2025-04-21,Kolkata,72.2,126.4,22.9,6.3,122
2025-04-21,Hyderabad,69.4,116.4,31.8,7.9,118
2025-04-21,Chennai,62.1,110.7,33.2,9.2,97
2025-04-22,Delhi,67.7,82.2,29.2,12.2,93
2025-04-22,Mumbai,80.7,126.3,22.6,5.5,112
2025-04-22,Bangalore,48.1,122.3,27.4,11.1,120
2025-04-22,Kolkata,62.2,119.5,26.7,10.1,119
2025-04-22,Hyderabad,68.4,123.7,30.9,5.0,120
2025-04-22,Chennai,53.2,104.2,34.7,9.7,90
2025-04-23,Delhi,74.2,126.0,22.3,9.1,109
2025-04-23,Mumbai,81.0,128.6,22.8,10.5,110
2025-04-23,Bangalore,48.0,73.3,35.0,10.7,72
2025-04-23,Kolkata,61.7,90.6,27.9,5.5,87
2025-04-23,Hyderabad,77.9,76.6,25.6,12.5,92
2025-04-23,Chennai,87.3,111.6,22.6,11.9,117
2025-04-24,Delhi,41.9,79.8,25.4,9.5,62
2025-04-24,Mumbai,55.9,140.0,25.4,11.1,136
2025-04-24,Bangalore,55.0,105.2,26.4,8.7,91
2025-04-24,Kolkata,56.6,86.5,25.8,12.4,75
2025-04-24,Hyderabad,74.5,127.2,26.1,7.1,126
2025-04-24,Chennai,79.1,130.5,22.7,12.7,109
2025-04-25,Delhi,55.1,80.5,25.8,8.7,83
2025-04-25,Mumbai,82.6,147.2,30.9,8.0,141
2025-04-25,Bangalore,41.3,79.6,25.9,5.9,79
2025-04-25,Kolkata,70.5,101.9,33.1,11.5,94
2025-04-25,Hyderabad,55.0,116.7,28.7,7.2,109
2025-04-25,Chennai,78.8,120.0,34.7,9.3,111
2025-04-26,Delhi,79.7,108.5,21.9,12.2,117
2025-04-26,Mumbai,85.3,131.3,32.1,9.0,122
2025-04-26,Bangalore,41.2,103.3,29.8,8.7,93
2025-04-26,Kolkata,36.1,84.3,32.4,12.8,75
2025-04-26,Hyderabad,55.0,89.0,28.2,9.9,80
2025-04-26,Chennai,84.2,101.2,21.8,12.0,111
2025-04-27,Delhi,72.4,82.3,29.8,8.7,100
2025-04-27,Mumbai,93.0,97.8,29.0,7.2,113
2025-04-27,Bangalore,63.7,129.5,34.1,11.3,106
2025-04-27,Kolkata,77.3,128.6,22.6,6.7,120
2025-04-27,Hyderabad,50.4,80.3,27.6,9.6,79
2025-04-27,Chennai,94.0,148.1,33.6,9.0,145
2025-04-28,Delhi,42.6,73.5,34.0,11.3,62
2025-04-28,Mumbai,71.8,137.0,20.9,9.0,124
2025-04-28,Bangalore,50.7,79.2,33.5,5.7,67
2025-04-28,Kolkata,76.6,126.2,32.0,8.5,126
2025-04-28,Hyderabad,76.9,84.7,30.2,8.1,98
2025-04-28,Chennai,77.7,122.5,25.1,8.2,103
2025-04-29,Delhi,79.4,128.9,28.5,10.0,108
2025-04-29,Mumbai,93.2,97.7,34.3,8.7,124
2025-04-29,Bangalore,43.3,90.1,34.7,5.6,90
2025-04-29,Kolkata,44.2,80.8,30.5,6.1,75
2025-04-29,Hyderabad,52.4,111.4,24.0,5.7,91
2025-04-29,Chennai,69.2,95.9,23.0,5.5,97
2025-04-30,Delhi,66.1,112.6,23.0,8.1,110
2025-04-30,Mumbai,59.9,108.0,32.4,5.1,91
2025-04-30,Bangalore,56.4,125.9,25.7,5.9,125
2025-04-30,Kolkata,73.1,100.6,30.1,6.0,109
2025-04-30,Hyderabad,54.2,75.3,27.0,12.8,61
2025-04-30,Chennai,68.8,143.5,23.0,6.5,138
2025-05-01,Delhi,115.1,191.0,33.8,8.8,163
2025-05-01,Mumbai,92.3,121.3,32.3,8.0,133
2025-05-01,Bangalore,46.9,123.1,28.9,11.6,109
2025-05-01,Kolkata,97.4,160.8,35.1,11.4,158
2025-05-01,Hyderabad,76.3,188.0,31.8,5.0,168
2025-05-01,Chennai,51.4,144.4,21.1,6.3,137
2025-05-02,Delhi,113.8,171.3,35.3,5.0,159
2025-05-02,Mumbai,88.9,140.6,31.0,8.1,119
2025-05-02,Bangalore,36.0,115.8,30.0,7.0,99
2025-05-02,Kolkata,86.0,202.6,36.4,9.5,173
2025-05-02,Hyderabad,90.5,175.2,31.7,12.5,150
2025-05-02,Chennai,70.3,121.9,24.0,11.5,99
2025-05-03,Delhi,104.6,206.2,38.4,10.2,196
2025-05-03,Mumbai,78.7,143.4,29.5,11.6,142
2025-05-03,Bangalore,39.7,100.2,21.1,8.1,93
2025-05-03,Kolkata,91.9,219.8,41.2,10.5,190
2025-05-03,Hyderabad,83.8,195.3,33.0,7.4,165
2025-05-03,Chennai,64.8,130.0,23.1,6.3,122
2025-05-04,Delhi,94.0,185.3,44.6,5.1,171
2025-05-04,Mumbai,75.4,125.3,31.4,8.7,114
2025-05-04,Bangalore,71.3,103.7,26.0,5.3,99
2025-05-04,Kolkata,113.8,219.3,37.2,10.0,189
2025-05-04,Hyderabad,87.4,193.6,43.0,8.0,180
2025-05-04,Chennai,79.4,135.3,28.5,12.9,116
2025-05-05,Delhi,85.5,172.3,40.3,7.8,165
2025-05-05,Mumbai,67.6,147.3,21.6,6.6,141
2025-05-05,Bangalore,44.6,112.1,34.9,5.3,93
2025-05-05,Kolkata,105.3,194.1,33.1,10.5,181
2025-05-05,Hyderabad,84.6,213.2,44.8,12.3,188
2025-05-05,Chennai,86.0,95.1,20.2,9.0,119
2025-05-06,Delhi,102.0,208.1,33.2,7.4,198
2025-05-06,Mumbai,86.2,91.3,23.4,5.8,113
2025-05-06,Bangalore,71.3,125.2,26.7,10.8,114
2025-05-06,Kolkata,93.6,173.1,34.1,8.8,163
2025-05-06,Hyderabad,75.2,197.4,36.4,11.5,183
2025-05-06,Chennai,85.1,121.7,20.3,10.7,110
2025-05-07,Delhi,77.7,162.1,42.0,10.4,138
2025-05-07,Mumbai,52.2,102.8,31.1,8.4,93
2025-05-07,Bangalore,69.1,107.1,21.6,6.5,89
2025-05-07,Kolkata,94.9,184.6,35.9,11.8,178
2025-05-07,Hyderabad,96.5,177.9,41.2,12.5,168
2025-05-07,Chennai,52.4,110.9,32.0,9.3,94
2025-05-08,Delhi,106.9,183.2,35.9,8.7,163
2025-05-08,Mumbai,57.7,129.5,25.1,8.7,116
2025-05-08,Bangalore,75.6,124.9,31.8,7.0,114
2025-05-08,Kolkata,80.6,174.8,40.2,5.5,150
2025-05-08,Hyderabad,113.2,165.1,34.4,11.2,141
2025-05-08,Chennai,56.8,120.7,21.0,6.7,120
2025-05-09,Delhi,75.1,212.8,37.2,10.2,183
2025-05-09,Mumbai,76.0,108.1,22.6,10.8,106
2025-05-09,Bangalore,51.7,77.6,32.9,7.4,68
2025-05-09,Kolkata,105.9,210.5,37.8,12.4,202
2025-05-09,Hyderabad,96.0,180.8,36.8,11.5,173
2025-05-09,Chennai,64.0,139.2,20.8,11.8,133
2025-05-10,Delhi,80.8,192.3,40.6,7.7,163
2025-05-10,Mumbai,93.3,133.7,25.4,5.8,126
2025-05-10,Bangalore,35.0,122.7,28.3,5.3,107
2025-05-10,Kolkata,115.5,163.2,32.5,9.5,150
2025-05-10,Hyderabad,75.0,178.4,41.1,10.6,163
2025-05-10,Chennai,92.9,118.0,26.4,7.5,110
2025-05-11,Delhi,119.7,185.1,41.3,5.6,179
2025-05-11,Mumbai,91.1,119.8,34.9,11.7,122
2025-05-11,Bangalore,48.6,120.4,30.1,9.8,104
2025-05-11,Kolkata,109.5,202.7,39.3,8.4,188
2025-05-11,Hyderabad,105.1,196.7,40.5,12.3,180
2025-05-11,Chennai,63.4,149.2,25.8,9.4,138
2025-05-12,Delhi,77.8,173.7,42.4,11.3,163
2025-05-12,Mumbai,79.9,149.6,20.9,9.1,133
2025-05-12,Bangalore,77.7,73.2,32.3,10.3,103
2025-05-12,Kolkata,75.7,215.8,40.1,8.3,202
2025-05-12,Hyderabad,93.1,165.9,30.6,5.3,163
2025-05-12,Chennai,92.2,133.0,29.6,6.4,109
2025-05-13,Delhi,90.8,168.3,32.6,9.1,163
2025-05-13,Mumbai,92.5,141.3,34.8,9.7,138
2025-05-13,Bangalore,77.0,95.0,20.3,12.2,97
2025-05-13,Kolkata,88.4,181.2,31.2,5.6,153
2025-05-13,Hyderabad,77.8,212.5,30.2,5.4,190
2025-05-13,Chennai,90.7,100.7,21.2,7.1,127
2025-05-14,Delhi,87.1,178.8,31.5,11.5,173
2025-05-14,Mumbai,53.5,94.4,31.7,11.0,92
2025-05-14,Bangalore,62.0,115.8,32.2,12.5,103
2025-05-14,Kolkata,105.5,195.4,36.9,8.9,186
2025-05-14,Hyderabad,90.2,182.0,40.6,8.4,163
2025-05-14,Chennai,67.7,143.8,30.9,7.0,121
2025-05-15,Delhi,103.8,198.8,38.4,6.2,176
2025-05-15,Mumbai,77.1,96.5,21.7,5.6,95
2025-05-15,Bangalore,71.3,120.5,25.2,5.6,112
2025-05-15,Kolkata,80.9,161.2,34.8,7.9,151
2025-05-15,Hyderabad,78.5,193.7,36.9,10.5,174
2025-05-15,Chennai,83.8,149.1,34.9,6.9,130
2025-05-16,Delhi,98.6,162.1,35.3,11.2,140
2025-05-16,Mumbai,64.7,130.1,31.1,12.3,113
2025-05-16,Bangalore,74.2,121.1,21.3,10.6,116
2025-05-16,Kolkata,85.5,194.0,40.1,8.4,181
2025-05-16,Hyderabad,113.8,182.3,30.8,13.0,157
2025-05-16,Chennai,72.0,128.0,22.1,5.9,120
2025-05-17,Delhi,115.7,170.5,40.2,6.5,153
2025-05-17,Mumbai,61.9,123.3,31.7,7.4,112
2025-05-17,Bangalore,78.7,91.0,22.6,10.5,112
2025-05-17,Kolkata,98.2,215.4,35.6,7.1,202
2025-05-17,Hyderabad,90.6,187.8,31.5,8.3,172
2025-05-17,Chennai,76.1,93.2,27.4,12.2,111
2025-05-18,Delhi,84.0,177.9,30.2,6.6,170
2025-05-18,Mumbai,72.6,139.6,32.4,6.6,138
2025-05-18,Bangalore,50.3,108.7,27.6,9.1,104
2025-05-18,Kolkata,108.7,161.6,44.2,7.1,140
2025-05-18,Hyderabad,114.1,166.3,39.3,10.3,155
2025-05-18,Chennai,92.5,140.7,22.2,6.8,138
2025-05-19,Delhi,87.4,195.4,37.6,10.6,166
2025-05-19,Mumbai,86.3,122.4,34.4,6.4,122
2025-05-19,Bangalore,44.4,112.9,30.2,10.0,110
2025-05-19,Kolkata,111.3,176.5,37.0,7.5,158
2025-05-19,Hyderabad,107.2,217.2,34.5,11.2,205
2025-05-19,Chennai,58.6,145.6,23.8,11.8,126
2025-05-20,Delhi,98.3,192.8,35.0,10.2,181
2025-05-20,Mumbai,62.1,132.8,22.2,12.7,113
2025-05-20,Bangalore,74.6,129.0,32.3,6.5,111
2025-05-20,Kolkata,80.5,172.0,42.4,9.5,151
2025-05-20,Hyderabad,107.8,189.3,30.0,7.9,174
2025-05-20,Chennai,93.2,123.2,33.5,11.4,122
2025-05-21,Delhi,87.1,210.6,39.1,7.6,186
2025-05-21,Mumbai,90.2,114.2,27.0,12.5,125
2025-05-21,Bangalore,76.8,80.6,28.1,6.2,112
2025-05-21,Kolkata,93.3,214.9,30.7,11.7,197
2025-05-21,Hyderabad,118.6,219.3,44.8,9.8,202
2025-05-21,Chennai,92.4,106.2,22.3,11.6,114
2025-05-22,Delhi,114.8,197.1,30.7,6.8,187
2025-05-22,Mumbai,89.3,108.1,22.3,10.3,123
2025-05-22,Bangalore,38.1,73.1,21.6,5.3,55
2025-05-22,Kolkata,77.8,202.1,36.2,12.0,180
2025-05-22,Hyderabad,100.7,184.0,35.6,11.7,167
2025-05-22,Chennai,80.3,107.6,20.6,5.1,112
2025-05-23,Delhi,79.1,188.8,36.4,6.2,162
2025-05-23,Mumbai,64.3,121.0,32.6,12.2,102
2025-05-23,Bangalore,42.4,117.1,30.0,12.4,110
2025-05-23,Kolkata,117.3,202.2,42.6,9.3,179
2025-05-23,Hyderabad,79.0,161.4,31.2,6.2,139
2025-05-23,Chennai,93.2,109.0,32.6,8.2,119
2025-05-24,Delhi,99.6,215.4,38.7,6.6,188
2025-05-24,Mumbai,59.6,106.3,31.7,8.0,100
2025-05-24,Bangalore,35.3,84.0,33.9,11.2,79
2025-05-24,Kolkata,98.4,190.3,31.1,6.7,164
2025-05-24,Hyderabad,92.3,198.6,30.4,6.9,183
2025-05-24,Chennai,57.2,102.5,24.2,10.5,97
2025-05-25,Delhi,87.4,207.3,33.6,5.4,186
2025-05-25,Mumbai,70.6,131.1,27.6,7.3,114
2025-05-25,Bangalore,54.5,106.8,30.2,10.0,98
2025-05-25,Kolkata,109.3,199.4,31.4,10.2,183
2025-05-25,Hyderabad,82.3,201.9,33.7,10.5,184
2025-05-25,Chennai,54.1,138.9,20.5,10.2,135
2025-05-26,Delhi,80.3,184.2,35.0,8.7,158
2025-05-26,Mumbai,53.3,137.2,25.5,5.4,126
2025-05-26,Bangalore,62.0,75.3,26.6,12.1,71
2025-05-26,Kolkata,109.7,207.3,37.1,5.9,187
2025-05-26,Hyderabad,90.0,169.0,38.6,6.6,166
2025-05-26,Chennai,67.3,107.2,23.9,11.4,95
2025-05-27,Delhi,86.8,213.3,44.0,11.8,192
2025-05-27,Mumbai,79.8,98.8,25.8,9.8,109
2025-05-27,Bangalore,49.3,89.8,28.6,5.3,76
2025-05-27,Kolkata,90.5,190.3,39.4,5.2,172
2025-05-27,Hyderabad,95.6,189.6,30.2,11.9,166
2025-05-27,Chennai,89.7,116.6,24.5,11.4,126
2025-05-28,Delhi,109.9,205.3,30.9,6.8,193
2025-05-28,Mumbai,71.8,111.7,24.3,9.1,114
2025-05-28,Bangalore,46.4,125.6,34.4,10.0,115
2025-05-28,Kolkata,105.3,193.3,38.6,10.8,186
2025-05-28,Hyderabad,116.3,170.7,34.2,5.6,143
2025-05-28,Chennai,85.0,133.9,33.8,11.2,120
2025-05-29,Delhi,80.6,204.9,42.6,5.4,175
2025-05-29,Mumbai,87.3,144.5,32.9,10.9,130
2025-05-29,Bangalore,43.3,96.1,29.7,12.0,91
2025-05-29,Kolkata,80.1,185.5,35.6,10.4,179
2025-05-29,Hyderabad,106.2,168.0,34.2,7.0,156
2025-05-29,Chennai,52.1,133.9,32.6,6.2,132
2025-05-30,Delhi,79.5,197.1,39.9,12.6,186
2025-05-30,Mumbai,68.8,104.5,31.9,6.0,85
2025-05-30,Bangalore,69.4,78.2,24.9,7.9,100
2025-05-30,Kolkata,114.6,209.8,39.4,9.4,201
2025-05-30,Hyderabad,114.0,201.5,30.9,8.8,189
2025-05-30,Chennai,89.3,108.7,26.1,9.6,121
2025-05-31,Delhi,116.3,186.8,36.2,11.4,175
2025-05-31,Mumbai,59.9,106.7,26.7,9.6,109
2025-05-31,Bangalore,53.1,120.1,28.1,11.0,109
2025-05-31,Kolkata,103.4,192.0,41.1,10.0,182
2025-05-31,Hyderabad,94.9,186.2,40.8,9.4,173
2025-05-31,Chennai,87.5,122.4,34.7,11.1,110
2025-06-01,Delhi,116.0,171.9,42.8,8.4,167
2025-06-01,Mumbai,50.1,90.6,33.2,12.1,71
2025-06-01,Bangalore,44.3,89.9,32.7,7.6,83
2025-06-01,Kolkata,81.1,166.9,36.4,11.3,162
2025-06-01,Hyderabad,76.8,204.1,44.9,7.3,197
2025-06-01,Chennai,93.7,148.0,33.6,5.7,142
2025-06-02,Delhi,118.5,212.3,43.5,10.4,187
2025-06-02,Mumbai,86.5,134.3,22.5,9.2,133
2025-06-02,Bangalore,39.6,110.1,29.9,5.7,99
2025-06-02,Kolkata,93.2,184.3,44.7,6.9,172
2025-06-02,Hyderabad,105.1,179.6,40.3,9.7,156
2025-06-02,Chennai,79.2,102.3,23.9,8.6,101
2025-06-03,Delhi,109.6,207.7,33.8,5.9,200
2025-06-03,Mumbai,89.1,108.9,34.0,6.6,118
2025-06-03,Bangalore,70.3,103.4,29.9,8.6,85
2025-06-03,Kolkata,109.7,176.8,30.2,12.1,156
2025-06-03,Hyderabad,112.2,164.6,30.7,10.9,144
2025-06-03,Chennai,57.8,123.4,27.0,6.7,111
2025-06-04,Delhi,105.7,165.2,35.6,8.9,161
2025-06-04,Mumbai,61.3,103.1,25.2,5.2,85
2025-06-04,Bangalore,74.5,127.3,29.7,11.0,106
2025-06-04,Kolkata,97.0,199.4,33.0,10.5,173
2025-06-04,Hyderabad,77.5,189.9,34.1,8.7,161
2025-06-04,Chennai,78.6,115.7,30.7,12.3,98
2025-06-05,Delhi,91.8,207.5,39.4,9.1,195
2025-06-05,Mumbai,93.1,129.1,28.6,12.3,116
2025-06-05,Bangalore,40.9,80.0,26.8,5.2,69
2025-06-05,Kolkata,110.0,173.3,34.3,7.2,155
2025-06-05,Hyderabad,112.1,185.3,37.7,10.2,160
2025-06-05,Chennai,61.8,100.4,29.3,8.8,89
2025-06-06,Delhi,78.9,215.4,41.4,12.1,196
2025-06-06,Mumbai,64.8,143.4,26.2,10.6,124
2025-06-06,Bangalore,65.5,106.1,27.8,10.3,109
2025-06-06,Kolkata,94.2,173.8,32.9,12.2,164
2025-06-06,Hyderabad,78.2,192.2,37.3,9.1,171
2025-06-06,Chennai,80.0,101.8,32.1,11.9,97
2025-06-07,Delhi,103.4,214.1,34.9,12.6,194
2025-06-07,Mumbai,59.3,147.4,26.9,8.8,137
2025-06-07,Bangalore,78.0,108.3,21.7,12.7,92
2025-06-07,Kolkata,106.9,212.8,39.5,7.5,201
2025-06-07,Hyderabad,93.3,182.8,38.1,9.1,169
2025-06-07,Chennai,67.6,115.9,28.6,8.7,94
2025-06-08,Delhi,75.6,210.2,33.9,5.9,184
2025-06-08,Mumbai,77.0,107.4,28.0,6.4,91
2025-06-08,Bangalore,51.8,88.1,33.3,7.4,83
2025-06-08,Kolkata,77.2,210.0,30.8,12.3,185
2025-06-08,Hyderabad,89.5,167.5,39.1,8.6,142
2025-06-08,Chennai,65.8,99.3,24.6,7.3,80
2025-06-09,Delhi,98.1,182.7,40.7,8.3,162
2025-06-09,Mumbai,82.1,146.1,29.8,7.6,127
2025-06-09,Bangalore,73.2,127.7,22.8,10.9,123
2025-06-09,Kolkata,115.2,190.6,41.5,10.1,184
2025-06-09,Hyderabad,78.1,172.3,37.8,5.7,162
2025-06-09,Chennai,61.1,115.2,30.5,12.0,100
2025-06-10,Delhi,82.2,167.5,38.2,7.1,154
2025-06-10,Mumbai,57.9,114.2,33.8,6.9,104
2025-06-10,Bangalore,76.2,99.3,23.5,10.6,104
2025-06-10,Kolkata,75.3,210.0,37.7,12.2,197
2025-06-10,Hyderabad,77.0,217.1,37.6,6.4,207
2025-06-10,Chennai,68.3,124.8,25.7,7.3,126
2025-06-11,Delhi,115.9,217.0,30.8,12.5,206
2025-06-11,Mumbai,81.9,98.4,26.8,11.0,97
2025-06-11,Bangalore,63.0,117.6,24.8,9.3,118
2025-06-11,Kolkata,106.7,202.2,39.6,8.5,190
2025-06-11,Hyderabad,88.8,195.8,30.9,12.5,190
2025-06-11,Chennai,54.6,108.4,34.3,11.6,98
2025-06-12,Delhi,117.7,173.4,44.5,10.7,163
2025-06-12,Mumbai,62.5,148.2,30.4,8.7,133
2025-06-12,Bangalore,78.0,110.4,25.6,7.8,110
2025-06-12,Kolkata,89.7,182.6,41.4,12.5,165
2025-06-12,Hyderabad,78.5,166.0,42.3,6.2,142
2025-06-12,Chennai,82.8,149.9,30.6,6.6,133
2025-06-13,Delhi,99.8,201.3,37.6,7.7,195
2025-06-13,Mumbai,82.5,123.7,24.0,5.7,121
2025-06-13,Bangalore,50.3,123.2,33.8,8.9,124
2025-06-13,Kolkata,100.5,161.3,41.6,11.8,159
2025-06-13,Hyderabad,92.9,204.7,33.3,7.8,198
2025-06-13,Chennai,51.5,93.6,21.5,8.5,81
2025-06-14,Delhi,102.5,191.3,36.2,5.5,185
2025-06-14,Mumbai,52.0,128.8,27.9,9.5,127
2025-06-14,Bangalore,47.7,95.4,34.6,6.9,93
2025-06-14,Kolkata,91.4,197.7,41.1,12.9,178
2025-06-14,Hyderabad,100.6,219.6,40.1,7.5,206
2025-06-14,Chennai,88.6,96.6,24.9,12.2,113
2025-06-15,Delhi,116.1,194.5,36.3,5.2,170
2025-06-15,Mumbai,64.7,145.2,34.2,5.3,141
2025-06-15,Bangalore,70.7,123.7,28.7,7.1,110
2025-06-15,Kolkata,93.3,216.5,30.3,6.6,204
2025-06-15,Hyderabad,92.5,197.9,33.5,11.9,171
2025-06-15,Chennai,61.5,123.9,33.6,7.3,111
2025-06-16,Delhi,95.5,188.0,33.1,11.4,180
2025-06-16,Mumbai,81.7,97.7,28.8,8.5,111
2025-06-16,Bangalore,77.1,120.5,29.1,8.5,116
2025-06-16,Kolkata,113.5,184.0,37.0,6.7,178
2025-06-16,Hyderabad,118.7,183.8,42.9,9.9,165
2025-06-16,Chennai,53.1,90.2,23.0,8.3,71
2025-06-17,Delhi,85.7,216.5,34.4,12.3,204
2025-06-17,Mumbai,58.3,127.2,27.1,9.2,124
2025-06-17,Bangalore,66.8,121.4,33.7,9.3,121
2025-06-17,Kolkata,86.8,175.0,43.2,5.0,165
2025-06-17,Hyderabad,104.4,166.6,44.8,11.5,145
2025-06-17,Chennai,54.1,90.9,23.9,7.9,73
2025-06-18,Delhi,117.8,183.0,42.0,7.7,171
2025-06-18,Mumbai,93.3,95.4,27.0,8.3,131
2025-06-18,Bangalore,64.8,74.8,27.7,9.1,91
2025-06-18,Kolkata,77.0,161.3,41.4,7.3,136
2025-06-18,Hyderabad,102.5,177.7,43.7,10.8,168
2025-06-18,Chennai,65.0,120.4,33.7,11.6,114
2025-06-19,Delhi,117.7,185.8,42.6,11.6,180
2025-06-19,Mumbai,81.7,149.1,26.3,9.7,148
2025-06-19,Bangalore,40.8,123.6,27.2,8.3,118
2025-06-19,Kolkata,103.4,213.2,35.1,11.9,195
2025-06-19,Hyderabad,89.8,207.3,43.3,6.6,195
2025-06-19,Chennai,65.1,137.8,28.7,10.3,132
2025-06-20,Delhi,89.3,162.7,38.7,12.0,151
2025-06-20,Mumbai,77.6,91.5,33.6,8.0,96
2025-06-20,Bangalore,75.2,92.1,34.8,9.4,100
2025-06-20,Kolkata,101.2,206.9,42.6,12.2,179
2025-06-20,Hyderabad,76.5,206.3,44.6,8.3,195
2025-06-20,Chennai,71.1,109.2,32.5,10.1,92
2025-06-21,Delhi,77.8,180.4,32.0,7.5,154
2025-06-21,Mumbai,57.7,96.3,33.2,12.5,87
2025-06-21,Bangalore,61.5,104.6,22.3,8.6,97
2025-06-21,Kolkata,95.6,165.1,43.0,11.3,149
2025-06-21,Hyderabad,100.1,192.7,33.2,11.9,167
2025-06-21,Chennai,94.9,123.6,20.9,11.3,133
2025-06-22,Delhi,77.3,188.3,30.8,5.3,173
2025-06-22,Mumbai,72.5,139.6,28.8,10.7,124
2025-06-22,Bangalore,63.0,87.1,31.2,5.2,93
2025-06-22,Kolkata,103.8,183.1,41.7,11.4,164
2025-06-22,Hyderabad,78.3,212.5,31.6,8.7,199
2025-06-22,Chennai,70.3,145.3,32.7,9.4,120
2025-06-23,Delhi,110.5,206.0,43.2,9.7,191
2025-06-23,Mumbai,85.2,119.8,28.5,7.1,118
2025-06-23,Bangalore,77.5,99.0,27.8,11.7,95
2025-06-23,Kolkata,102.6,205.3,43.2,5.2,189
2025-06-23,Hyderabad,111.5,167.4,30.4,10.0,140
2025-06-23,Chennai,54.5,103.4,33.8,11.8,99
2025-06-24,Delhi,111.4,206.9,41.1,8.2,192
2025-06-24,Mumbai,54.6,107.6,31.0,11.3,99
2025-06-24,Bangalore,72.0,90.6,21.1,9.6,83
2025-06-24,Kolkata,88.8,160.8,31.0,8.4,153
2025-06-24,Hyderabad,97.1,168.3,38.4,6.4,142
2025-06-24,Chennai,67.4,102.9,30.3,8.8,82
2025-06-25,Delhi,96.2,213.6,40.5,8.6,190
2025-06-25,Mumbai,85.4,111.8,28.4,11.2,120
2025-06-25,Bangalore,61.1,102.8,25.0,10.2,86
2025-06-25,Kolkata,118.4,179.3,39.6,11.6,157
2025-06-25,Hyderabad,96.6,195.6,39.0,12.3,167
2025-06-25,Chennai,93.3,143.1,31.3,11.2,133
2025-06-26,Delhi,94.9,213.8,35.5,8.7,205
2025-06-26,Mumbai,61.2,133.7,23.8,8.5,130
2025-06-26,Bangalore,63.8,81.9,31.1,12.2,95
2025-06-26,Kolkata,86.7,217.0,35.3,6.9,203
2025-06-26,Hyderabad,94.0,193.2,30.9,8.3,173
2025-06-26,Chennai,86.1,128.1,26.7,5.0,116
2025-06-27,Delhi,95.0,197.2,34.2,5.4,184
2025-06-27,Mumbai,94.3,147.8,33.5,8.6,133
2025-06-27,Bangalore,46.8,93.7,24.4,5.3,76
2025-06-27,Kolkata,95.6,188.6,44.6,6.2,174
2025-06-27,Hyderabad,99.0,173.3,42.3,7.1,158
2025-06-27,Chennai,86.1,103.5,27.9,9.0,118
2025-06-28,Delhi,80.8,163.6,42.5,11.2,158
2025-06-28,Mumbai,80.6,99.5,34.0,5.4,104
2025-06-28,Bangalore,75.4,115.4,34.5,6.3,112
2025-06-28,Kolkata,105.5,195.7,35.2,7.5,176
2025-06-28,Hyderabad,98.4,208.2,38.3,5.2,188
2025-06-28,Chennai,74.5,98.5,34.6,8.4,94
2025-06-29,Delhi,117.4,200.9,41.5,11.7,178
2025-06-29,Mumbai,65.2,106.5,34.3,10.4,105
2025-06-29,Bangalore,47.4,120.2,27.4,9.8,109
2025-06-29,Kolkata,84.4,218.3,32.9,11.7,209
2025-06-29,Hyderabad,79.7,186.7,40.2,6.3,165
2025-06-29,Chennai,58.3,129.0,28.7,9.8,113
2025-06-30,Delhi,75.3,218.2,31.7,12.9,198
2025-06-30,Mumbai,83.2,103.3,28.6,10.6,118
2025-06-30,Bangalore,45.6,118.0,29.7,11.2,112
2025-06-30,Kolkata,100.4,202.2,34.4,7.7,184
2025-06-30,Hyderabad,84.4,184.3,36.3,8.9,155
2025-06-30,Chennai,87.1,129.4,27.3,7.9,124
2025-07-01,Delhi,15.3,35.8,15.8,7.6,27
2025-07-01,Mumbai,11.1,61.6,19.9,9.8,56
2025-07-01,Bangalore,21.5,31.5,12.5,6.0,40
2025-07-01,Kolkata,26.1,78.6,19.1,8.4,83
2025-07-01,Hyderabad,29.6,54.2,22.9,12.1,50
2025-07-01,Chennai,23.7,28.8,15.7,12.1,28
2025-07-02,Delhi,37.5,43.1,13.5,10.9,39
2025-07-02,Mumbai,16.7,36.0,19.1,6.9,32
2025-07-02,Bangalore,47.1,29.8,21.1,12.6,63
2025-07-02,Kolkata,32.1,27.0,22.2,5.2,34
2025-07-02,Hyderabad,53.1,52.8,23.9,9.3,66
2025-07-02,Chennai,39.6,40.7,23.0,6.7,65
2025-07-03,Delhi,48.8,48.6,20.3,12.1,57
2025-07-03,Mumbai,37.9,61.8,18.4,8.6,59
2025-07-03,Bangalore,43.5,63.7,22.3,9.5,47
2025-07-03,Kolkata,29.9,74.7,15.0,7.7,70
2025-07-03,Hyderabad,45.2,72.7,21.1,13.0,69
2025-07-03,Chennai,15.9,53.1,18.7,8.6,55
2025-07-04,Delhi,16.3,56.5,23.0,6.2,63
2025-07-04,Mumbai,22.4,37.1,16.3,5.3,36
2025-07-04,Bangalore,54.0,72.5,16.3,10.8,61
2025-07-04,Kolkata,49.7,70.8,23.7,11.3,67
2025-07-04,Hyderabad,52.8,60.9,18.7,12.0,79
2025-07-04,Chennai,40.0,60.9,12.7,5.7,47
2025-07-05,Delhi,28.8,84.9,19.5,7.6,67
2025-07-05,Mumbai,37.9,64.3,12.4,10.8,49
2025-07-05,Bangalore,28.7,50.7,20.7,10.5,45
2025-07-05,Kolkata,13.1,62.0,17.1,10.4,48
2025-07-05,Hyderabad,49.6,75.9,24.6,10.9,65
2025-07-05,Chennai,31.0,33.1,17.3,8.4,36
2025-07-06,Delhi,21.5,44.9,24.4,9.2,35
2025-07-06,Mumbai,30.1,79.6,19.8,7.6,85
2025-07-06,Bangalore,41.2,65.2,15.0,9.3,70
2025-07-06,Kolkata,10.7,81.7,11.8,12.6,69
2025-07-06,Hyderabad,32.2,60.4,21.4,12.8,57
2025-07-06,Chennai,48.3,27.9,14.9,11.0,58
2025-07-07,Delhi,44.5,70.0,14.7,7.5,61
2025-07-07,Mumbai,28.9,45.5,17.4,10.5,30
2025-07-07,Bangalore,36.7,54.3,15.7,5.5,58
2025-07-07,Kolkata,39.6,25.3,12.3,11.9,58
2025-07-07,Hyderabad,13.6,40.2,12.8,7.5,37
2025-07-07,Chennai,32.5,69.1,12.7,9.8,61
2025-07-08,Delhi,12.7,25.5,17.8,6.6,27
2025-07-08,Mumbai,20.2,34.9,19.1,6.5,39
2025-07-08,Bangalore,47.0,55.9,18.1,8.9,58
2025-07-08,Kolkata,32.5,46.4,17.4,11.3,40
2025-07-08,Hyderabad,39.7,69.5,23.4,8.0,53
2025-07-08,Chennai,15.0,78.1,14.4,7.9,71
2025-07-09,Delhi,41.7,33.9,14.3,7.7,51
2025-07-09,Mumbai,30.9,41.2,12.0,10.2,49
2025-07-09,Bangalore,30.9,69.5,15.8,9.5,69
2025-07-09,Kolkata,22.3,26.9,21.3,9.2,23
2025-07-09,Hyderabad,23.0,29.0,16.7,6.9,38
2025-07-09,Chennai,13.8,61.9,18.7,7.0,66
2025-07-10,Delhi,15.2,61.5,10.4,8.9,51
2025-07-10,Mumbai,20.0,62.1,15.1,5.4,54
2025-07-10,Bangalore,12.0,38.0,11.7,11.8,24
2025-07-10,Kolkata,52.6,71.0,16.1,5.9,68
2025-07-10,Hyderabad,11.3,48.4,17.7,11.1,36
2025-07-10,Chennai,32.6,62.6,23.3,5.2,64
2025-07-11,Delhi,18.7,40.7,22.8,11.0,42
2025-07-11,Mumbai,25.7,56.4,16.5,5.6,55
2025-07-11,Bangalore,13.3,29.7,18.4,11.4,32
2025-07-11,Kolkata,10.7,82.4,19.1,9.3,65
2025-07-11,Hyderabad,23.2,81.9,17.7,12.9,63
2025-07-11,Chennai,48.7,68.0,10.2,6.0,66
2025-07-12,Delhi,16.5,68.9,18.0,6.5,76
2025-07-12,Mumbai,42.9,60.7,19.0,9.3,62
2025-07-12,Bangalore,17.2,51.2,11.7,8.4,42
2025-07-12,Kolkata,20.7,42.0,19.9,12.2,32
2025-07-12,Hyderabad,23.4,25.4,16.0,6.4,37
2025-07-12,Chennai,42.8,61.1,17.6,5.3,47
2025-07-13,Delhi,29.3,55.4,17.7,8.9,59
2025-07-13,Mumbai,29.6,29.9,21.3,7.0,28
2025-07-13,Bangalore,35.7,37.3,23.4,5.2,42
2025-07-13,Kolkata,24.9,52.2,23.6,7.4,48
2025-07-13,Hyderabad,24.8,71.1,14.4,11.6,72
2025-07-13,Chennai,13.0,35.7,24.0,9.2,38
2025-07-14,Delhi,48.0,58.9,21.0,6.4,70
2025-07-14,Mumbai,14.0,84.9,16.6,8.7,77
2025-07-14,Bangalore,25.0,47.2,17.1,5.4,43
2025-07-14,Kolkata,53.7,48.3,19.9,6.7,81
2025-07-14,Hyderabad,17.5,34.4,14.7,10.3,21
2025-07-14,Chennai,27.2,79.2,13.7,12.1,82
2025-07-15,Delhi,30.3,43.3,17.4,12.5,42
2025-07-15,Mumbai,37.3,40.3,24.7,5.6,62
2025-07-15,Bangalore,31.8,59.2,10.5,5.5,49
2025-07-15,Kolkata,35.3,25.7,22.9,11.2,39
2025-07-15,Hyderabad,47.8,64.4,15.8,12.0,68
2025-07-15,Chennai,28.3,44.2,16.1,9.1,39
2025-07-16,Delhi,49.6,49.7,14.9,9.4,66
2025-07-16,Mumbai,16.6,39.0,19.2,12.6,46
2025-07-16,Bangalore,49.9,56.1,23.3,10.9,56
2025-07-16,Kolkata,38.4,54.8,14.6,7.9,55
2025-07-16,Hyderabad,10.5,31.7,11.3,12.8,19
2025-07-16,Chennai,36.5,78.4,12.5,12.6,68
2025-07-17,Delhi,46.0,46.6,23.6,10.0,62
2025-07-17,Mumbai,13.1,79.9,24.1,7.4,76
2025-07-17,Bangalore,52.7,74.3,20.3,7.2,78
2025-07-17,Kolkata,37.4,54.5,20.7,11.9,59
2025-07-17,Hyderabad,45.5,61.3,24.2,5.4,71
2025-07-17,Chennai,39.4,70.6,14.4,8.7,62
2025-07-18,Delhi,36.6,34.2,12.6,11.2,46
2025-07-18,Mumbai,12.7,75.7,11.2,6.0,65
2025-07-18,Bangalore,40.7,58.1,16.4,9.1,66
2025-07-18,Kolkata,38.2,37.5,10.5,13.0,47
2025-07-18,Hyderabad,18.9,32.6,18.4,12.2,27
2025-07-18,Chennai,15.7,79.1,14.6,6.5,74
2025-07-19,Delhi,44.3,59.5,20.8,6.8,47
2025-07-19,Mumbai,18.9,34.4,20.1,6.3,21
2025-07-19,Bangalore,32.7,60.8,14.7,8.4,51
2025-07-19,Kolkata,35.6,30.7,16.6,11.4,52
2025-07-19,Hyderabad,22.8,64.8,12.8,11.6,70
2025-07-19,Chennai,38.2,73.2,18.6,12.3,65
2025-07-20,Delhi,26.3,58.3,12.8,10.7,55
2025-07-20,Mumbai,12.6,59.5,14.8,10.1,66
2025-07-20,Bangalore,33.5,34.9,21.9,9.7,44
2025-07-20,Kolkata,23.2,78.4,19.8,9.6,84
2025-07-20,Hyderabad,16.6,73.9,25.0,5.3,65
2025-07-20,Chennai,45.1,44.4,20.1,6.6,69
2025-07-21,Delhi,53.1,39.9,22.5,5.5,66
2025-07-21,Mumbai,30.0,74.0,21.4,12.5,67
2025-07-21,Bangalore,38.0,83.7,16.3,8.1,77
2025-07-21,Kolkata,20.1,74.1,23.9,9.2,76
2025-07-21,Hyderabad,37.8,67.2,18.9,6.2,74
2025-07-21,Chennai,34.7,48.1,17.8,6.0,41
2025-07-22,Delhi,21.6,66.2,19.4,12.5,69
2025-07-22,Mumbai,46.1,34.1,11.0,12.8,51
2025-07-22,Bangalore,46.9,65.9,10.6,8.1,74
2025-07-22,Kolkata,14.2,68.7,17.3,9.9,56
2025-07-22,Hyderabad,15.8,28.7,11.4,6.5,28
2025-07-22,Chennai,46.2,45.7,22.5,7.0,62
2025-07-23,Delhi,15.4,44.8,17.7,12.1,33
2025-07-23,Mumbai,21.0,55.7,23.9,7.5,59
2025-07-23,Bangalore,20.4,52.3,17.6,8.3,40
2025-07-23,Kolkata,27.5,72.7,16.9,8.7,70
2025-07-23,Hyderabad,15.1,52.6,25.0,9.0,55
2025-07-23,Chennai,42.4,29.3,24.8,5.6,49
2025-07-24,Delhi,35.6,75.0,20.3,10.8,79
2025-07-24,Mumbai,50.8,40.0,12.4,6.2,56
2025-07-24,Bangalore,10.1,68.4,12.8,9.2,57
2025-07-24,Kolkata,42.2,40.2,12.7,7.2,63
2025-07-24,Hyderabad,10.8,32.5,15.1,12.3,37
2025-07-24,Chennai,54.2,62.2,17.5,7.2,75
2025-07-25,Delhi,39.6,74.1,23.8,8.5,60
2025-07-25,Mumbai,43.8,74.7,10.6,10.7,79
2025-07-25,Bangalore,46.9,42.9,24.0,10.2,52
2025-07-25,Kolkata,25.0,37.3,22.3,7.0,30
2025-07-25,Hyderabad,26.0,29.0,18.5,11.8,37
2025-07-25,Chennai,31.0,69.2,24.6,8.0,58
2025-07-26,Delhi,36.9,66.3,12.6,7.4,69
2025-07-26,Mumbai,14.6,45.1,23.4,11.5,31
2025-07-26,Bangalore,45.7,73.9,24.5,6.5,75
2025-07-26,Kolkata,19.7,81.3,24.8,9.9,83
2025-07-26,Hyderabad,41.1,84.9,15.8,10.0,79
2025-07-26,Chennai,52.6,43.2,24.5,8.3,73
2025-07-27,Delhi,20.6,33.9,15.5,6.5,35
2025-07-27,Mumbai,33.2,48.7,13.8,10.5,45
2025-07-27,Bangalore,13.6,65.2,20.2,11.3,61
2025-07-27,Kolkata,12.7,80.4,11.3,12.9,80
2025-07-27,Hyderabad,39.7,82.5,16.9,9.3,74
2025-07-27,Chennai,50.7,82.4,20.4,11.8,88
2025-07-28,Delhi,26.3,62.7,21.5,12.3,58
2025-07-28,Mumbai,15.5,33.1,18.8,9.2,28
2025-07-28,Bangalore,23.7,33.0,14.6,6.2,28
2025-07-28,Kolkata,22.6,81.2,11.8,6.1,74
2025-07-28,Hyderabad,24.7,33.4,23.4,7.7,32
2025-07-28,Chennai,17.9,71.3,19.1,8.2,72
2025-07-29,Delhi,32.9,46.4,18.8,9.0,34
2025-07-29,Mumbai,21.6,48.5,15.5,10.4,34
2025-07-29,Bangalore,52.7,28.4,21.5,6.2,70
2025-07-29,Kolkata,37.1,51.3,19.3,9.0,49
2025-07-29,Hyderabad,10.1,73.5,19.2,9.4,59
2025-07-29,Chennai,34.2,40.6,11.6,6.6,52
2025-07-30,Delhi,44.8,42.9,22.8,11.9,52
2025-07-30,Mumbai,20.6,48.2,19.9,8.5,34
2025-07-30,Bangalore,31.2,51.4,15.1,8.7,42
2025-07-30,Kolkata,46.9,33.9,18.9,9.8,52
2025-07-30,Hyderabad,51.5,36.9,10.1,5.3,59
2025-07-30,Chennai,48.3,60.4,13.9,10.6,59
2025-07-31,Delhi,37.6,71.2,13.8,9.5,63
2025-07-31,Mumbai,51.6,32.8,23.5,10.9,64
2025-07-31,Bangalore,14.1,72.6,11.2,9.3,55
2025-07-31,Kolkata,47.8,55.7,11.1,12.1,61
2025-07-31,Hyderabad,36.5,63.1,12.2,10.2,60
2025-07-31,Chennai,52.1,82.0,13.9,10.8,64
2025-08-01,Delhi,21.8,69.9,21.8,7.0,73
2025-08-01,Mumbai,28.9,34.7,12.4,12.3,41
2025-08-01,Bangalore,26.3,44.8,23.7,10.0,51
2025-08-01,Kolkata,27.6,81.4,17.0,9.4,74
2025-08-01,Hyderabad,16.6,42.5,10.9,6.8,34
2025-08-01,Chennai,31.4,41.0,11.9,10.7,30
2025-08-02,Delhi,52.7,74.8,12.0,10.5,61
2025-08-02,Mumbai,43.9,73.1,11.6,11.3,71
2025-08-02,Bangalore,31.6,57.8,10.3,11.4,43
2025-08-02,Kolkata,43.9,49.6,12.4,7.5,67
2025-08-02,Hyderabad,50.0,58.7,16.2,12.5,70
2025-08-02,Chennai,27.0,41.3,15.4,6.2,45
2025-08-03,Delhi,26.8,67.7,18.5,11.2,54
2025-08-03,Mumbai,25.0,55.7,16.3,6.6,61
2025-08-03,Bangalore,21.2,47.7,12.0,8.2,49
2025-08-03,Kolkata,43.8,63.8,24.5,7.0,67
2025-08-03,Hyderabad,14.1,59.9,19.6,8.5,56
2025-08-03,Chennai,21.9,70.4,12.9,11.9,58
2025-08-04,Delhi,30.8,46.6,10.3,6.1,39
2025-08-04,Mumbai,33.6,67.7,20.3,6.7,66
2025-08-04,Bangalore,27.7,60.0,21.3,5.1,47
2025-08-04,Kolkata,48.5,29.5,17.4,9.9,72
2025-08-04,Hyderabad,50.1,74.0,21.2,10.9,80
2025-08-04,Chennai,52.0,44.7,18.6,11.4,65
2025-08-05,Delhi,36.2,64.4,19.6,5.1,48
2025-08-05,Mumbai,40.1,73.7,22.8,7.5,80
2025-08-05,Bangalore,48.6,59.0,19.9,7.9,64
2025-08-05,Kolkata,49.1,31.0,15.0,9.9,53
2025-08-05,Hyderabad,40.1,54.9,13.1,12.5,48
2025-08-05,Chennai,14.0,67.5,16.1,6.5,53
2025-08-06,Delhi,20.6,77.0,21.3,6.8,74
2025-08-06,Mumbai,54.3,82.1,16.5,6.7,63
2025-08-06,Bangalore,40.2,37.3,18.2,5.8,46
2025-08-06,Kolkata,25.2,64.4,23.4,8.1,60
2025-08-06,Hyderabad,52.2,46.0,20.4,7.7,76
2025-08-06,Chennai,25.6,75.2,21.8,5.6,60
2025-08-07,Delhi,31.6,26.7,16.9,7.9,54
2025-08-07,Mumbai,47.8,66.4,14.4,6.6,63
2025-08-07,Bangalore,53.9,83.5,10.9,10.4,70
2025-08-07,Kolkata,34.2,71.9,18.5,8.5,76
2025-08-07,Hyderabad,40.9,44.0,13.5,9.7,60
2025-08-07,Chennai,14.5,81.8,16.1,11.7,68
2025-08-08,Delhi,46.0,48.5,15.0,8.2,68
2025-08-08,Mumbai,16.7,74.2,20.8,7.4,77
2025-08-08,Bangalore,43.9,83.3,16.8,6.9,64
2025-08-08,Kolkata,36.7,74.9,21.9,8.3,60
2025-08-08,Hyderabad,13.7,80.9,13.3,10.0,75
2025-08-08,Chennai,26.5,39.0,20.7,7.3,33
2025-08-09,Delhi,44.8,29.4,13.9,9.2,64
2025-08-09,Mumbai,43.8,29.8,12.9,11.2,51
2025-08-09,Bangalore,28.6,49.0,23.0,8.0,35
2025-08-09,Kolkata,27.3,81.7,12.5,10.0,73
2025-08-09,Hyderabad,49.9,61.6,12.7,8.7,57
2025-08-09,Chennai,46.8,71.2,22.4,11.9,58
2025-08-10,Delhi,46.4,56.7,20.8,9.3,59
2025-08-10,Mumbai,39.6,31.7,20.8,7.1,49
2025-08-10,Bangalore,39.0,70.2,24.9,8.6,67
2025-08-10,Kolkata,27.9,32.4,19.7,9.3,33
2025-08-10,Hyderabad,15.6,62.6,16.1,10.6,46
2025-08-10,Chennai,38.7,62.7,11.4,7.8,65
2025-08-11,Delhi,33.3,49.5,14.7,5.3,54
2025-08-11,Mumbai,52.1,47.0,21.8,7.1,59
2025-08-11,Bangalore,53.1,25.1,22.3,7.0,63
2025-08-11,Kolkata,17.7,83.9,24.4,9.7,89
2025-08-11,Hyderabad,43.6,49.9,12.4,8.8,47
2025-08-11,Chennai,43.1,72.2,11.0,6.4,63
2025-08-12,Delhi,30.8,39.7,16.3,5.3,33
2025-08-12,Mumbai,31.4,80.2,13.3,6.2,70
2025-08-12,Bangalore,10.9,26.5,13.7,11.5,24
2025-08-12,Kolkata,43.8,26.1,15.6,5.6,47
2025-08-12,Hyderabad,34.9,82.0,19.3,7.6,64
2025-08-12,Chennai,41.1,59.1,23.8,8.0,62
2025-08-13,Delhi,38.8,60.2,20.4,5.2,50
2025-08-13,Mumbai,50.6,74.0,19.6,12.0,69
2025-08-13,Bangalore,30.1,29.8,11.8,7.4,40
2025-08-13,Kolkata,30.5,53.4,20.3,12.9,46
2025-08-13,Hyderabad,31.1,68.6,19.3,6.0,73
2025-08-13,Chennai,43.1,42.7,19.8,10.4,63
2025-08-14,Delhi,17.0,74.2,15.1,11.1,74
2025-08-14,Mumbai,38.5,49.6,20.7,10.1,45
2025-08-14,Bangalore,15.1,73.5,24.6,12.3,66
2025-08-14,Kolkata,37.1,68.4,20.5,8.5,66
2025-08-14,Hyderabad,38.5,48.5,13.9,10.9,49
2025-08-14,Chennai,52.9,61.6,12.9,8.8,65
2025-08-15,Delhi,18.4,71.4,11.1,10.5,77
2025-08-15,Mumbai,20.6,49.2,18.3,9.4,38
2025-08-15,Bangalore,14.0,61.1,15.4,5.2,56
2025-08-15,Kolkata,21.3,29.1,18.3,8.8,19
2025-08-15,Hyderabad,36.7,54.3,13.7,11.5,57
2025-08-15,Chennai,49.0,74.6,21.7,7.5,59
2025-08-16,Delhi,11.3,37.4,23.8,9.9,37
2025-08-16,Mumbai,53.4,82.0,17.8,9.6,84
2025-08-16,Bangalore,28.0,65.1,21.3,9.1,69
2025-08-16,Kolkata,10.5,36.6,14.1,8.7,43
2025-08-16,Hyderabad,17.6,46.1,11.1,10.1,50
2025-08-16,Chennai,14.5,71.8,18.0,8.6,66
2025-08-17,Delhi,26.7,47.7,16.7,12.2,37
2025-08-17,Mumbai,25.5,39.3,11.4,12.4,44
2025-08-17,Bangalore,49.4,80.2,23.1,9.7,75
2025-08-17,Kolkata,51.3,72.9,15.5,7.2,68
2025-08-17,Hyderabad,12.6,72.5,20.9,11.1,77
2025-08-17,Chennai,46.9,40.0,20.6,5.5,52
2025-08-18,Delhi,29.3,65.3,21.9,11.9,59
2025-08-18,Mumbai,15.6,46.4,17.9,10.2,50
2025-08-18,Bangalore,52.3,38.6,17.6,6.4,73
2025-08-18,Kolkata,51.2,29.6,19.8,8.7,61
2025-08-18,Hyderabad,32.4,56.8,19.4,11.6,65
2025-08-18,Chennai,49.8,55.2,16.6,10.3,65
2025-08-19,Delhi,42.0,48.2,16.9,7.8,57
2025-08-19,Mumbai,35.5,69.6,14.2,10.1,56
2025-08-19,Bangalore,19.1,39.9,23.8,12.5,44
2025-08-19,Kolkata,42.7,58.2,11.6,9.1,67
2025-08-19,Hyderabad,13.7,77.2,19.4,7.7,59
2025-08-19,Chennai,16.1,47.6,21.5,6.3,49
2025-08-20,Delhi,39.4,34.9,16.5,8.0,44
2025-08-20,Mumbai,16.9,72.1,15.1,9.1,58
2025-08-20,Bangalore,46.5,43.4,17.1,10.1,71
2025-08-20,Kolkata,49.1,41.1,23.6,11.6,69
2025-08-20,Hyderabad,33.4,82.8,16.1,7.8,88
2025-08-20,Chennai,46.1,51.9,15.0,12.9,58
2025-08-21,Delhi,36.9,71.4,17.6,10.2,68
2025-08-21,Mumbai,40.5,25.9,10.0,7.1,65
2025-08-21,Bangalore,16.1,28.1,19.3,12.7,26
2025-08-21,Kolkata,37.1,42.2,13.3,7.1,42
2025-08-21,Hyderabad,19.5,61.1,21.7,7.4,44
2025-08-21,Chennai,24.4,52.3,14.2,7.1,49
2025-08-22,Delhi,24.5,65.9,18.9,12.0,68
2025-08-22,Mumbai,45.7,30.1,11.8,6.8,56
2025-08-22,Bangalore,41.7,62.3,16.0,5.4,60
2025-08-22,Kolkata,52.8,56.2,23.3,9.6,65
2025-08-22,Hyderabad,45.6,82.1,19.0,12.6,79
2025-08-22,Chennai,51.1,77.8,17.0,8.6,65
2025-08-23,Delhi,21.3,31.0,22.3,12.0,39
2025-08-23,Mumbai,46.8,82.2,16.9,7.8,86
2025-08-23,Bangalore,34.2,69.2,18.2,6.3,73
2025-08-23,Kolkata,46.5,56.0,23.7,12.5,72
2025-08-23,Hyderabad,52.1,44.9,13.2,6.3,71
2025-08-23,Chennai,37.5,74.7,16.1,10.2,62
2025-08-24,Delhi,19.7,75.9,10.1,11.0,80
2025-08-24,Mumbai,32.7,73.7,13.1,12.4,56
2025-08-24,Bangalore,15.8,68.3,13.5,12.2,66
2025-08-24,Kolkata,13.9,70.3,15.8,6.6,67
2025-08-24,Hyderabad,27.3,37.8,20.4,6.3,49
2025-08-24,Chennai,32.2,38.5,17.6,6.0,40
2025-08-25,Delhi,27.7,81.1,22.0,5.8,80
2025-08-25,Mumbai,16.0,27.5,22.3,10.0,15
2025-08-25,Bangalore,52.0,56.5,24.3,9.5,80
2025-08-25,Kolkata,16.5,28.8,17.1,6.2,18
2025-08-25,Hyderabad,52.7,56.0,16.1,9.3,82
2025-08-25,Chennai,29.8,60.5,11.1,13.0,65
2025-08-26,Delhi,25.6,25.1,24.8,5.4,43
2025-08-26,Mumbai,52.9,77.7,12.4,6.2,77
2025-08-26,Bangalore,25.9,34.7,11.6,12.7,25
2025-08-26,Kolkata,31.1,40.2,12.4,7.2,53
2025-08-26,Hyderabad,25.3,68.6,13.1,9.2,67
2025-08-26,Chennai,31.3,33.9,17.4,11.1,52
2025-08-27,Delhi,51.5,46.8,21.6,10.8,67
2025-08-27,Mumbai,20.2,34.2,15.6,9.3,29
2025-08-27,Bangalore,37.3,27.1,22.3,11.4,40
2025-08-27,Kolkata,29.0,41.6,14.5,6.5,34
2025-08-27,Hyderabad,34.4,74.0,20.0,7.3,66
2025-08-27,Chennai,31.2,56.4,21.8,6.5,47
2025-08-28,Delhi,45.3,26.5,16.8,6.8,57
2025-08-28,Mumbai,23.4,84.1,20.0,5.3,77
2025-08-28,Bangalore,40.2,63.9,16.9,5.7,67
2025-08-28,Kolkata,11.6,26.9,12.6,7.4,31
2025-08-28,Hyderabad,39.8,49.7,16.2,5.0,63
2025-08-28,Chennai,22.1,35.0,20.8,7.4,39
2025-08-29,Delhi,45.8,57.5,22.3,8.4,53
2025-08-29,Mumbai,30.7,39.4,17.2,10.4,36
2025-08-29,Bangalore,48.1,66.0,21.4,9.5,69
2025-08-29,Kolkata,48.4,32.9,17.1,9.8,57
2025-08-29,Hyderabad,48.7,67.3,15.7,5.2,62
2025-08-29,Chennai,33.4,80.2,18.1,8.0,76
2025-08-30,Delhi,40.0,66.3,17.1,7.3,55
2025-08-30,Mumbai,39.2,45.9,19.0,11.8,51
2025-08-30,Bangalore,10.4,82.4,11.8,10.7,68
2025-08-30,Kolkata,20.9,77.5,19.0,9.1,81
2025-08-30,Hyderabad,15.9,84.3,14.8,11.1,67
2025-08-30,Chennai,24.4,58.9,17.3,8.3,66
2025-08-31,Delhi,21.7,66.5,11.3,11.3,56
2025-08-31,Mumbai,49.7,80.1,16.9,9.3,69
2025-08-31,Bangalore,53.4,29.7,12.1,5.5,81
2025-08-31,Kolkata,26.4,70.8,12.2,6.9,70
2025-08-31,Hyderabad,26.6,54.3,19.0,12.4,45
2025-08-31,Chennai,37.0,84.5,14.3,7.0,90
2025-09-01,Delhi,41.8,42.2,23.1,12.3,53
2025-09-01,Mumbai,19.2,50.3,14.4,11.7,57
2025-09-01,Bangalore,48.0,80.4,13.3,12.3,84
2025-09-01,Kolkata,26.4,26.7,13.9,10.4,41
2025-09-01,Hyderabad,50.3,82.2,14.7,11.4,69
2025-09-01,Chennai,48.6,68.4,19.3,6.2,58
2025-09-02,Delhi,42.5,43.2,13.1,7.2,56
2025-09-02,Mumbai,40.6,72.1,24.5,12.5,62
2025-09-02,Bangalore,13.3,31.1,17.6,6.9,19
2025-09-02,Kolkata,23.3,70.4,16.7,7.3,56
2025-09-02,Hyderabad,11.4,67.5,18.6,7.6,74
2025-09-02,Chennai,51.7,56.6,15.9,8.1,81
2025-09-03,Delhi,50.0,65.7,21.8,5.8,74
2025-09-03,Mumbai,18.4,39.5,23.8,6.3,49
2025-09-03,Bangalore,12.7,36.2,10.3,10.8,31
2025-09-03,Kolkata,26.5,84.3,13.4,6.4,83
2025-09-03,Hyderabad,48.0,56.6,17.2,7.3,73
2025-09-03,Chennai,40.5,37.7,12.3,11.3,66
2025-09-04,Delhi,39.5,79.6,10.8,11.8,65
2025-09-04,Mumbai,32.5,34.1,15.6,6.4,39
2025-09-04,Bangalore,23.9,61.6,16.6,9.8,52
2025-09-04,Kolkata,45.7,76.6,21.2,7.3,69
2025-09-04,Hyderabad,15.4,63.1,17.2,7.1,63
2025-09-04,Chennai,13.8,70.1,12.8,5.5,73
2025-09-05,Delhi,36.4,76.7,20.0,5.0,80
2025-09-05,Mumbai,53.8,54.7,22.3,7.4,59
2025-09-05,Bangalore,29.6,72.8,12.2,8.2,61
2025-09-05,Kolkata,21.0,43.3,22.6,11.4,47
2025-09-05,Hyderabad,21.3,71.1,17.1,12.2,62
2025-09-05,Chennai,18.6,39.2,18.7,9.5,39
2025-09-06,Delhi,20.8,31.4,11.1,8.8,30
2025-09-06,Mumbai,17.6,41.2,20.0,11.1,33
2025-09-06,Bangalore,24.1,35.3,24.4,11.4,39
2025-09-06,Kolkata,23.2,69.9,16.7,10.1,53
2025-09-06,Hyderabad,34.4,48.5,20.4,9.6,49
2025-09-06,Chennai,27.4,47.4,22.8,12.7,55
2025-09-07,Delhi,49.2,80.4,12.0,12.5,63
2025-09-07,Mumbai,42.5,64.1,20.5,9.5,57
2025-09-07,Bangalore,17.0,58.5,16.0,12.8,65
2025-09-07,Kolkata,42.4,50.5,24.4,10.0,55
2025-09-07,Hyderabad,42.3,39.1,23.7,7.7,59
2025-09-07,Chennai,27.2,40.1,24.2,6.6,39
2025-09-08,Delhi,21.1,79.3,13.7,5.9,75
2025-09-08,Mumbai,23.9,61.0,24.4,9.2,63
2025-09-08,Bangalore,44.1,67.9,12.8,8.8,60
2025-09-08,Kolkata,30.0,46.7,19.0,6.4,49
2025-09-08,Hyderabad,34.4,43.6,11.4,5.2,37
2025-09-08,Chennai,42.5,77.9,11.6,10.9,76
2025-09-09,Delhi,35.8,62.9,11.3,5.5,47
2025-09-09,Mumbai,41.8,43.5,20.3,7.9,49
2025-09-09,Bangalore,38.6,76.5,17.7,7.7,73
2025-09-09,Kolkata,42.0,58.5,14.9,9.7,55
2025-09-09,Hyderabad,38.2,72.8,19.9,12.4,58
2025-09-09,Chennai,18.5,31.4,10.8,8.5,33
2025-09-10,Delhi,38.3,45.8,24.7,12.3,46
2025-09-10,Mumbai,19.3,49.0,22.4,10.2,44
2025-09-10,Bangalore,13.9,33.1,22.8,12.7,20
2025-09-10,Kolkata,54.7,49.3,16.7,9.6,78
2025-09-10,Hyderabad,41.9,66.1,11.8,9.6,56
2025-09-10,Chennai,17.6,49.3,19.6,5.6,39
2025-09-11,Delhi,44.1,43.7,17.7,5.2,52
2025-09-11,Mumbai,11.9,49.4,11.4,10.0,36
2025-09-11,Bangalore,27.3,62.7,16.8,8.0,56
2025-09-11,Kolkata,42.8,65.9,22.2,8.9,58
2025-09-11,Hyderabad,43.2,64.7,10.1,7.3,69
2025-09-11,Chennai,35.9,84.1,17.8,7.3,80
2025-09-12,Delhi,12.4,53.4,15.6,10.6,61
2025-09-12,Mumbai,20.4,61.1,14.5,9.1,50
2025-09-12,Bangalore,15.1,26.5,18.6,5.9,20
2025-09-12,Kolkata,29.4,51.4,10.7,8.1,50
2025-09-12,Hyderabad,24.3,73.3,15.4,12.7,62
2025-09-12,Chennai,29.7,43.8,14.7,8.7,42
2025-09-13,Delhi,31.4,54.5,17.9,7.5,39
2025-09-13,Mumbai,23.0,47.9,17.1,10.0,42
2025-09-13,Bangalore,45.5,64.4,10.7,5.6,60
2025-09-13,Kolkata,40.1,38.6,22.0,6.8,42
2025-09-13,Hyderabad,21.6,82.3,15.2,9.6,78
2025-09-13,Chennai,31.3,64.6,17.9,5.0,53
2025-09-14,Delhi,21.6,26.6,11.7,9.0,22
2025-09-14,Mumbai,42.0,56.9,22.4,6.3,66
2025-09-14,Bangalore,21.5,48.7,10.3,9.7,42
2025-09-14,Kolkata,49.9,83.3,10.8,12.4,65
2025-09-14,Hyderabad,35.5,26.6,24.8,12.5,54
2025-09-14,Chennai,41.9,39.6,22.6,11.2,54
2025-09-15,Delhi,25.0,64.3,12.9,11.5,71
2025-09-15,Mumbai,42.6,42.4,10.6,7.3,56
2025-09-15,Bangalore,19.1,35.3,18.7,5.2,26
2025-09-15,Kolkata,23.4,81.2,20.7,5.3,76
2025-09-15,Hyderabad,13.3,67.3,11.8,11.4,67
2025-09-15,Chennai,11.6,66.3,17.6,8.5,59
2025-09-16,Delhi,12.0,32.3,10.2,10.7,28
2025-09-16,Mumbai,32.6,69.2,14.9,11.5,71
2025-09-16,Bangalore,54.4,65.1,17.8,5.6,63
2025-09-16,Kolkata,53.5,62.0,23.2,7.4,83
2025-09-16,Hyderabad,43.3,51.0,13.7,6.1,48
2025-09-16,Chennai,29.5,77.8,15.8,8.6,73
2025-09-17,Delhi,54.3,75.2,23.7,10.7,73
2025-09-17,Mumbai,46.6,65.2,15.1,7.4,68
2025-09-17,Bangalore,16.3,40.2,15.9,11.1,33
2025-09-17,Kolkata,19.0,74.9,10.4,7.7,74
2025-09-17,Hyderabad,25.1,65.2,11.7,5.9,70
2025-09-17,Chennai,28.8,54.8,18.7,6.0,52
2025-09-18,Delhi,24.9,51.1,19.4,9.1,44
2025-09-18,Mumbai,39.1,54.9,23.3,9.7,42
2025-09-18,Bangalore,30.4,67.1,18.6,6.2,55
2025-09-18,Kolkata,24.2,81.4,14.5,5.3,76
2025-09-18,Hyderabad,12.7,56.2,20.1,8.1,56
2025-09-18,Chennai,40.5,33.1,11.8,12.7,58
2025-09-19,Delhi,26.6,46.1,18.9,7.7,39
2025-09-19,Mumbai,21.0,57.2,14.2,8.9,46
2025-09-19,Bangalore,20.1,63.3,13.4,11.1,51
2025-09-19,Kolkata,52.0,41.6,18.9,5.5,58
2025-09-19,Hyderabad,41.8,35.8,10.9,8.8,56
2025-09-19,Chennai,45.7,77.7,12.0,7.2,70
2025-09-20,Delhi,53.0,38.5,19.1,12.4,75
2025-09-20,Mumbai,28.0,63.9,23.1,7.5,59
2025-09-20,Bangalore,45.1,53.0,24.1,9.8,58
2025-09-20,Kolkata,24.4,53.8,19.4,10.6,38
2025-09-20,Hyderabad,17.2,83.3,21.3,12.7,65
2025-09-20,Chennai,27.8,73.7,12.2,6.9,80
2025-09-21,Delhi,46.1,35.9,19.5,7.1,57
2025-09-21,Mumbai,21.9,65.2,17.8,5.7,54
2025-09-21,Bangalore,29.5,49.8,20.7,8.8,41
2025-09-21,Kolkata,34.2,33.2,23.2,12.9,38
2025-09-21,Hyderabad,43.6,63.0,18.7,11.3,49
2025-09-21,Chennai,25.4,35.4,17.9,8.5,36
2025-09-22,Delhi,36.1,51.6,16.1,7.7,60
2025-09-22,Mumbai,28.4,42.7,23.9,12.3,36
2025-09-22,Bangalore,52.6,26.3,15.4,10.0,70
2025-09-22,Kolkata,45.4,58.0,15.5,12.3,52
2025-09-22,Hyderabad,39.9,26.1,24.5,12.4,47
2025-09-22,Chennai,54.3,80.6,12.1,8.6,68
2025-09-23,Delhi,49.5,81.7,22.4,6.1,80
2025-09-23,Mumbai,49.2,59.8,18.1,9.1,62
2025-09-23,Bangalore,18.1,66.1,20.9,9.9,65
2025-09-23,Kolkata,19.3,66.2,11.4,11.8,69
2025-09-23,Hyderabad,25.6,68.5,12.8,6.2,73
2025-09-23,Chennai,30.0,40.1,20.7,12.4,50
2025-09-24,Delhi,29.2,27.6,14.0,11.8,28
2025-09-24,Mumbai,48.3,34.2,21.6,11.8,60
2025-09-24,Bangalore,39.4,55.5,21.8,12.7,55
2025-09-24,Kolkata,39.0,37.5,18.9,12.0,61
2025-09-24,Hyderabad,12.5,77.9,13.6,9.8,78
2025-09-24,Chennai,30.9,31.9,22.9,12.1,44
2025-09-25,Delhi,25.6,48.5,24.0,6.9,33
2025-09-25,Mumbai,26.4,29.3,16.2,12.2,46
2025-09-25,Bangalore,52.4,80.9,10.7,11.3,63
2025-09-25,Kolkata,54.7,51.8,16.3,11.7,61
2025-09-25,Hyderabad,12.6,67.3,23.0,7.1,67
2025-09-25,Chennai,18.3,26.8,23.3,5.1,15
2025-09-26,Delhi,23.7,53.0,15.2,9.0,57
2025-09-26,Mumbai,52.6,51.7,22.9,5.3,78
2025-09-26,Bangalore,41.0,70.5,15.9,7.6,76
2025-09-26,Kolkata,50.4,37.1,24.1,6.7,69
2025-09-26,Hyderabad,52.5,78.1,22.1,10.3,66
2025-09-26,Chennai,12.3,29.8,20.0,10.9,23
2025-09-27,Delhi,44.4,44.5,13.1,9.3,62
2025-09-27,Mumbai,32.2,47.2,14.3,5.4,46
2025-09-27,Bangalore,17.3,75.1,18.8,5.7,77
2025-09-27,Kolkata,46.1,48.4,18.2,9.2,69
2025-09-27,Hyderabad,54.1,70.6,23.6,6.5,83
2025-09-27,Chennai,29.2,25.8,18.7,5.6,27
2025-09-28,Delhi,16.2,66.6,12.1,8.4,63
2025-09-28,Mumbai,26.7,54.8,23.6,7.1,40
2025-09-28,Bangalore,40.8,58.0,15.4,7.9,61
2025-09-28,Kolkata,47.2,69.2,18.2,8.5,59
2025-09-28,Hyderabad,40.4,84.7,20.8,11.6,71
2025-09-28,Chennai,54.7,42.4,13.3,11.5,68
2025-09-29,Delhi,41.4,42.4,16.6,9.6,49
2025-09-29,Mumbai,35.2,43.3,11.2,6.4,55
2025-09-29,Bangalore,13.8,84.3,22.6,12.8,74
2025-09-29,Kolkata,44.5,66.6,15.5,10.6,55
2025-09-29,Hyderabad,41.8,72.1,15.3,11.8,60
2025-09-29,Chennai,53.7,50.8,23.7,5.6,66
2025-09-30,Delhi,37.1,49.8,19.4,5.9,58
2025-09-30,Mumbai,43.3,59.2,20.6,7.5,53
2025-09-30,Bangalore,37.4,34.3,17.0,6.8,62
2025-09-30,Kolkata,39.4,82.5,18.5,11.5,68
2025-09-30,Hyderabad,36.5,77.2,14.8,10.1,80
2025-09-30,Chennai,10.2,65.6,12.8,6.3,68
2025-10-01,Delhi,292.6,395.0,65.1,8.7,394
2025-10-01,Mumbai,71.8,108.2,27.6,9.8,108
2025-10-01,Bangalore,79.7,129.2,30.5,12.6,122
2025-10-01,Kolkata,57.2,125.3,21.6,5.1,111
2025-10-01,Hyderabad,43.1,107.5,34.8,10.5,100
2025-10-01,Chennai,63.8,134.8,28.9,12.9,124
2025-10-02,Delhi,271.0,378.0,63.0,10.0,354
2025-10-02,Mumbai,53.4,132.3,28.5,11.6,120
2025-10-02,Bangalore,68.4,108.9,26.4,7.7,110
2025-10-02,Kolkata,46.8,126.1,21.4,10.9,114
2025-10-02,Hyderabad,39.4,72.8,27.7,7.9,68
2025-10-02,Chennai,65.9,129.5,23.0,8.0,130
2025-10-03,Delhi,283.3,373.1,74.7,11.3,381
2025-10-03,Mumbai,70.9,133.5,23.9,7.1,131
2025-10-03,Bangalore,43.6,78.6,28.9,8.8,76
2025-10-03,Kolkata,79.4,123.6,35.0,10.2,107
2025-10-03,Hyderabad,55.8,117.8,23.4,9.2,110
2025-10-03,Chennai,79.2,146.7,22.3,7.7,135
2025-10-04,Delhi,287.5,394.8,65.4,10.7,376
2025-10-04,Mumbai,69.6,128.3,20.4,8.8,125
2025-10-04,Bangalore,54.7,71.0,30.1,10.4,82
2025-10-04,Kolkata,75.9,99.5,33.9,7.3,96
2025-10-04,Hyderabad,49.1,84.3,32.0,9.7,83
2025-10-04,Chennai,65.1,98.1,26.8,10.5,88
2025-10-05,Delhi,271.8,391.6,71.8,7.0,361
2025-10-05,Mumbai,68.8,135.3,29.4,9.9,132
2025-10-05,Bangalore,47.9,77.8,31.8,6.5,63
2025-10-05,Kolkata,52.9,75.9,21.0,9.8,64
2025-10-05,Hyderabad,72.2,126.4,30.9,5.2,111
2025-10-05,Chennai,76.4,130.9,33.3,8.9,114
2025-10-06,Delhi,296.3,418.7,61.5,7.0,389
2025-10-06,Mumbai,79.2,140.6,21.2,8.1,128
2025-10-06,Bangalore,70.1,116.8,26.7,7.8,100
2025-10-06,Kolkata,67.2,74.4,34.5,10.9,87
2025-10-06,Hyderabad,58.9,81.7,20.1,10.5,69
2025-10-06,Chennai,77.9,134.3,22.3,12.2,128
2025-10-07,Delhi,289.6,387.1,72.7,9.5,374
2025-10-07,Mumbai,75.3,127.2,31.3,10.5,123
2025-10-07,Bangalore,40.7,112.4,33.0,7.7,103
2025-10-07,Kolkata,77.0,114.9,24.7,7.2,93
2025-10-07,Hyderabad,38.9,105.0,32.9,7.1,91
2025-10-07,Chennai,54.6,111.1,27.6,10.6,99
2025-10-08,Delhi,281.7,403.3,70.5,12.6,365
2025-10-08,Mumbai,76.7,90.6,25.7,12.6,100
2025-10-08,Bangalore,44.0,128.9,23.2,7.7,116
2025-10-08,Kolkata,49.3,129.7,33.2,5.5,127
2025-10-08,Hyderabad,46.2,124.6,26.6,7.2,104
2025-10-08,Chennai,89.9,143.1,26.3,5.4,121
2025-10-09,Delhi,279.6,404.7,60.6,6.5,364
2025-10-09,Mumbai,90.7,113.8,31.1,6.6,117
2025-10-09,Bangalore,39.6,72.1,22.6,6.9,76
2025-10-09,Kolkata,41.7,83.9,28.9,6.2,82
2025-10-09,Hyderabad,46.8,79.0,34.1,8.5,64
2025-10-09,Chennai,82.0,126.0,31.9,6.6,118
2025-10-10,Delhi,290.1,361.0,70.8,9.0,367
2025-10-10,Mumbai,56.0,123.9,33.1,6.4,120
2025-10-10,Bangalore,48.5,107.8,27.7,8.3,102
2025-10-10,Kolkata,38.2,118.1,26.9,7.5,97
2025-10-10,Hyderabad,49.5,116.6,27.4,8.4,97
2025-10-10,Chennai,65.5,133.1,28.4,10.0,114
2025-10-11,Delhi,302.7,417.2,60.1,6.9,388
2025-10-11,Mumbai,87.2,135.0,20.7,12.5,129
2025-10-11,Bangalore,62.0,88.3,32.8,6.6,93
2025-10-11,Kolkata,42.6,95.0,28.3,7.9,86
2025-10-11,Hyderabad,57.2,126.6,28.0,9.0,103
2025-10-11,Chennai,62.5,113.8,22.3,12.2,112
2025-10-12,Delhi,267.9,413.1,63.2,7.7,362
2025-10-12,Mumbai,86.3,125.5,21.4,7.6,124
2025-10-12,Bangalore,42.3,80.5,32.0,10.0,81
2025-10-12,Kolkata,51.4,81.6,31.8,6.0,69
2025-10-12,Hyderabad,35.4,109.2,22.4,11.0,106
2025-10-12,Chennai,80.5,102.5,25.6,6.7,102
2025-10-13,Delhi,293.7,381.6,72.1,7.7,385
2025-10-13,Mumbai,76.1,133.6,30.0,5.7,125
2025-10-13,Bangalore,67.5,71.8,32.6,7.1,95
2025-10-13,Kolkata,46.0,113.4,20.5,9.9,108
2025-10-13,Hyderabad,60.3,110.3,20.9,8.8,90
2025-10-13,Chennai,79.7,108.7,27.1,6.7,103
2025-10-14,Delhi,282.3,383.0,68.6,12.7,372
2025-10-14,Mumbai,88.6,96.7,24.1,11.0,121
2025-10-14,Bangalore,77.3,118.3,26.6,10.3,100
2025-10-14,Kolkata,39.9,78.0,33.5,11.4,82
2025-10-14,Hyderabad,68.3,123.8,24.0,7.7,117
2025-10-14,Chennai,68.7,129.0,32.3,11.9,125
2025-10-15,Delhi,268.6,412.3,64.4,5.2,367
2025-10-15,Mumbai,66.1,97.3,20.4,8.4,98
2025-10-15,Bangalore,76.3,90.5,20.9,12.9,97
2025-10-15,Kolkata,55.5,118.0,31.3,9.3,117
2025-10-15,Hyderabad,40.0,86.9,30.4,6.1,87
2025-10-15,Chennai,91.5,127.8,33.4,7.9,131
2025-10-16,Delhi,280.5,387.0,69.4,5.1,374
2025-10-16,Mumbai,81.4,145.3,28.8,7.2,143
2025-10-16,Bangalore,45.9,121.1,28.3,7.6,115
2025-10-16,Kolkata,47.9,126.9,20.1,11.5,104
2025-10-16,Hyderabad,45.2,77.5,33.7,8.7,83
2025-10-16,Chennai,62.6,97.1,32.8,11.7,98
2025-10-17,Delhi,280.4,395.1,62.5,6.5,368
2025-10-17,Mumbai,78.4,96.9,32.2,13.0,103
2025-10-17,Bangalore,62.0,125.8,27.4,9.4,110
2025-10-17,Kolkata,69.2,85.6,20.8,11.8,98
2025-10-17,Hyderabad,55.9,89.0,29.9,6.2,88
2025-10-17,Chennai,65.3,103.6,30.1,9.9,87
2025-10-18,Delhi,291.3,363.9,69.2,11.9,375
2025-10-18,Mumbai,58.7,133.6,20.4,7.2,116
2025-10-18,Bangalore,54.6,126.8,33.1,12.0,118
2025-10-18,Kolkata,53.7,81.9,23.8,7.2,74
2025-10-18,Hyderabad,48.2,119.0,25.7,9.3,98
2025-10-18,Chennai,81.5,115.7,30.8,8.2,110
2025-10-19,Delhi,274.5,420.0,71.0,8.9,376
2025-10-19,Mumbai,85.6,116.4,28.2,6.4,122
2025-10-19,Bangalore,57.9,87.6,34.6,8.2,77
2025-10-19,Kolkata,70.6,97.7,26.2,8.6,100
2025-10-19,Hyderabad,54.2,95.4,32.5,9.6,94
2025-10-19,Chennai,69.1,124.4,30.5,12.5,111
2025-10-20,Delhi,298.9,391.6,61.8,8.5,389
2025-10-20,Mumbai,63.2,123.1,34.0,9.0,115
2025-10-20,Bangalore,62.2,99.5,27.4,8.6,82
2025-10-20,Kolkata,64.4,83.2,27.2,11.6,83
2025-10-20,Hyderabad,45.5,72.3,21.1,12.2,69
2025-10-20,Chennai,57.5,118.7,31.4,10.4,107
2025-10-21,Delhi,275.9,365.2,65.1,8.1,354
2025-10-21,Mumbai,54.4,108.5,25.8,11.0,95
2025-10-21,Bangalore,58.0,80.2,32.8,12.3,82
2025-10-21,Kolkata,64.0,84.7,32.1,5.4,76
2025-10-21,Hyderabad,44.1,92.1,22.8,10.8,79
2025-10-21,Chennai,65.0,110.7,33.8,10.7,110
2025-10-22,Delhi,272.6,363.9,63.0,12.7,361
2025-10-22,Mumbai,84.2,138.0,24.3,11.3,126
2025-10-22,Bangalore,57.5,72.7,23.3,7.0,67
2025-10-22,Kolkata,72.2,99.9,21.9,8.4,86
2025-10-22,Hyderabad,47.0,100.5,25.2,11.4,82
2025-10-22,Chennai,89.0,113.7,33.7,10.2,108
2025-10-23,Delhi,267.9,375.2,72.5,11.3,339
2025-10-23,Mumbai,61.0,142.0,34.1,12.3,135
2025-10-23,Bangalore,54.8,122.3,24.2,7.1,106
2025-10-23,Kolkata,65.5,86.3,34.2,10.9,96
2025-10-23,Hyderabad,56.8,99.7,24.2,6.8,83
2025-10-23,Chennai,86.8,92.6,27.1,6.0,117
2025-10-24,Delhi,304.0,375.3,71.6,11.7,405
2025-10-24,Mumbai,93.9,108.0,25.5,5.7,122
2025-10-24,Bangalore,66.5,122.2,28.2,11.0,100
2025-10-24,Kolkata,71.3,84.7,28.1,8.2,84
2025-10-24,Hyderabad,42.3,85.7,22.2,9.0,72
2025-10-24,Chennai,94.3,110.4,30.6,8.9,131
2025-10-25,Delhi,309.6,388.8,61.8,12.1,416
2025-10-25,Mumbai,52.1,93.8,20.6,9.1,80
2025-10-25,Bangalore,66.9,71.6,32.5,6.8,100
2025-10-25,Kolkata,62.7,101.5,27.2,9.0,88
2025-10-25,Hyderabad,77.1,123.8,30.1,5.8,111
2025-10-25,Chennai,81.5,137.0,20.2,6.0,132
2025-10-26,Delhi,290.0,366.6,70.3,12.4,389
2025-10-26,Mumbai,76.1,145.9,31.4,8.2,121
2025-10-26,Bangalore,60.8,72.2,31.1,9.3,90
2025-10-26,Kolkata,46.5,80.7,28.2,7.0,77
2025-10-26,Hyderabad,67.6,107.5,31.1,11.7,90
2025-10-26,Chennai,78.2,119.7,26.5,12.5,112
2025-10-27,Delhi,299.1,419.8,65.1,8.2,386
2025-10-27,Mumbai,58.4,125.9,27.0,5.1,122
2025-10-27,Bangalore,39.5,76.3,34.5,7.3,64
2025-10-27,Kolkata,52.8,84.5,25.3,6.9,74
2025-10-27,Hyderabad,45.7,92.1,23.4,5.6,87
2025-10-27,Chennai,56.3,120.1,33.3,6.9,101
2025-10-28,Delhi,290.7,373.4,66.5,11.2,376
2025-10-28,Mumbai,56.8,93.4,30.9,10.8,97
2025-10-28,Bangalore,37.9,110.6,27.1,11.6,102
2025-10-28,Kolkata,52.5,105.3,25.0,12.0,99
2025-10-28,Hyderabad,77.3,101.6,21.5,12.9,93
2025-10-28,Chennai,94.2,107.5,22.3,5.7,134
2025-10-29,Delhi,283.1,410.3,73.4,7.5,361
2025-10-29,Mumbai,84.8,148.2,33.0,12.8,128
2025-10-29,Bangalore,73.5,110.9,29.3,6.8,101
2025-10-29,Kolkata,78.4,76.8,20.9,9.5,98
2025-10-29,Hyderabad,59.9,106.3,29.6,11.9,109
2025-10-29,Chennai,62.3,133.6,25.5,12.7,130
2025-10-30,Delhi,305.9,401.3,72.8,11.4,387
2025-10-30,Mumbai,81.3,101.4,30.1,10.3,116
2025-10-30,Bangalore,36.0,127.3,26.5,6.9,127
2025-10-30,Kolkata,56.2,95.6,22.2,7.2,87
2025-10-30,Hyderabad,35.9,84.8,27.2,6.8,67
2025-10-30,Chennai,50.8,135.9,30.4,6.1,117
2025-10-31,Delhi,266.1,363.8,65.1,6.4,359
2025-10-31,Mumbai,51.7,118.5,30.2,12.0,110
2025-10-31,Bangalore,40.0,105.4,33.5,6.6,104
2025-10-31,Kolkata,61.1,77.0,27.3,9.1,90
2025-10-31,Hyderabad,72.1,98.5,26.9,10.7,87
2025-10-31,Chennai,91.1,106.9,24.0,5.5,129
2025-11-01,Delhi,303.0,373.6,65.0,13.0,386
2025-11-01,Mumbai,94.4,149.5,23.8,9.8,147
2025-11-01,Bangalore,42.4,106.8,32.3,6.1,93
2025-11-01,Kolkata,67.7,106.6,23.0,7.9,91
2025-11-01,Hyderabad,49.7,93.6,33.0,12.5,96
2025-11-01,Chennai,92.1,125.8,27.1,9.1,131
2025-11-02,Delhi,272.8,414.4,74.9,6.0,366
2025-11-02,Mumbai,64.1,127.8,25.2,9.0,107
2025-11-02,Bangalore,77.5,78.7,29.0,9.6,113
2025-11-02,Kolkata,76.9,87.4,25.2,6.7,111
2025-11-02,Hyderabad,52.1,123.5,22.0,10.1,115
2025-11-02,Chennai,80.9,115.7,20.5,5.4,113
2025-11-03,Delhi,288.3,395.0,72.4,9.5,379
2025-11-03,Mumbai,82.8,115.9,20.8,8.0,112
2025-11-03,Bangalore,76.3,115.9,21.1,5.2,110
2025-11-03,Kolkata,73.9,124.6,29.1,7.3,111
2025-11-03,Hyderabad,72.1,123.2,27.2,5.7,123
2025-11-03,Chennai,52.5,125.8,23.4,9.9,125
2025-11-04,Delhi,282.7,381.2,60.3,5.2,362
2025-11-04,Mumbai,81.4,99.7,21.3,6.2,105
2025-11-04,Bangalore,69.5,99.9,29.8,7.5,88
2025-11-04,Kolkata,47.6,122.8,31.4,12.4,119
2025-11-04,Hyderabad,76.3,78.7,20.6,9.8,113
2025-11-04,Chennai,72.8,130.4,29.6,8.2,120
2025-11-05,Delhi,278.9,370.0,70.1,11.3,373
2025-11-05,Mumbai,57.3,118.9,27.9,8.3,111
2025-11-05,Bangalore,78.9,91.0,32.3,8.4,98
2025-11-05,Kolkata,76.1,113.4,23.4,11.0,95
2025-11-05,Hyderabad,63.7,92.8,32.8,9.7,83
2025-11-05,Chennai,80.0,106.0,20.5,10.3,113
2025-11-06,Delhi,268.1,397.2,62.9,7.3,364
2025-11-06,Mumbai,85.7,128.2,25.0,11.2,127
2025-11-06,Bangalore,56.3,73.6,30.8,8.7,82
2025-11-06,Kolkata,69.1,123.3,33.8,10.6,115
2025-11-06,Hyderabad,58.4,125.3,34.8,7.6,106
2025-11-06,Chennai,72.1,125.9,28.3,12.4,104
2025-11-07,Delhi,290.2,399.2,62.9,10.4,382
2025-11-07,Mumbai,68.4,148.5,31.3,8.5,141
2025-11-07,Bangalore,64.1,105.6,29.0,12.5,100
2025-11-07,Kolkata,63.4,101.6,25.9,12.9,89
2025-11-07,Hyderabad,47.3,122.7,21.7,10.2,113
2025-11-07,Chennai,51.8,135.1,30.2,7.2,116
2025-11-08,Delhi,287.0,372.3,63.0,6.2,384
2025-11-08,Mumbai,66.0,136.0,24.2,8.6,131
2025-11-08,Bangalore,43.2,110.6,25.6,9.1,98
2025-11-08,Kolkata,36.8,111.7,26.4,12.9,90
2025-11-08,Hyderabad,36.8,86.9,31.5,9.8,82
2025-11-08,Chennai,82.4,93.4,34.2,11.0,105
2025-11-09,Delhi,307.7,400.6,69.4,9.0,401
2025-11-09,Mumbai,54.1,142.4,21.0,11.1,128
2025-11-09,Bangalore,68.1,95.1,29.6,10.3,95
2025-11-09,Kolkata,71.4,111.6,33.7,12.5,111
2025-11-09,Hyderabad,48.5,85.4,20.5,8.7,67
2025-11-09,Chennai,80.9,100.4,29.6,7.3,108
2025-11-10,Delhi,295.7,393.8,69.2,10.4,389
2025-11-10,Mumbai,78.7,136.6,32.7,8.3,118
2025-11-10,Bangalore,62.1,74.1,20.5,11.1,80
2025-11-10,Kolkata,75.4,110.7,26.5,7.8,90
2025-11-10,Hyderabad,39.4,70.7,33.7,11.6,77
2025-11-10,Chennai,82.5,144.7,21.9,5.7,135
2025-11-11,Delhi,308.0,381.9,74.0,9.6,399
2025-11-11,Mumbai,92.5,129.2,28.4,5.0,120
2025-11-11,Bangalore,54.7,102.2,20.1,5.7,93
2025-11-11,Kolkata,47.0,111.3,20.9,10.4,108
2025-11-11,Hyderabad,36.5,106.1,22.4,7.0,88
2025-11-11,Chennai,74.8,126.7,28.3,12.0,111
2025-11-12,Delhi,265.6,393.0,70.7,6.1,348
2025-11-12,Mumbai,72.3,146.3,24.1,6.3,144
2025-11-12,Bangalore,39.7,105.6,30.2,6.8,94
2025-11-12,Kolkata,51.0,111.4,33.5,9.6,110
2025-11-12,Hyderabad,64.6,113.0,27.0,6.9,105
2025-11-12,Chennai,80.0,139.8,27.9,12.2,135
2025-11-13,Delhi,309.3,366.7,60.4,10.8,398
2025-11-13,Mumbai,94.9,125.1,27.0,10.2,135
2025-11-13,Bangalore,44.1,103.3,29.9,6.6,92
2025-11-13,Kolkata,37.8,95.4,34.3,8.5,94
2025-11-13,Hyderabad,78.3,72.1,32.6,8.4,109
2025-11-13,Chennai,62.9,93.4,20.6,8.2,80
2025-11-14,Delhi,286.3,370.5,69.2,7.8,375
2025-11-14,Mumbai,90.7,135.5,25.3,8.2,123
2025-11-14,Bangalore,42.6,112.1,32.3,7.4,102
2025-11-14,Kolkata,38.4,97.4,30.2,5.2,81
2025-11-14,Hyderabad,58.6,109.2,34.5,5.2,88
2025-11-14,Chennai,85.7,97.5,26.1,12.4,115
2025-11-15,Delhi,302.0,403.1,71.8,8.1,396
2025-11-15,Mumbai,66.5,103.9,32.6,12.3,89
2025-11-15,Bangalore,48.1,117.2,34.3,11.5,110
2025-11-15,Kolkata,46.0,90.5,20.4,8.2,84
2025-11-15,Hyderabad,58.5,110.1,22.9,5.1,112
2025-11-15,Chennai,79.2,149.2,30.1,6.8,129
2025-11-16,Delhi,290.3,365.4,71.3,12.9,370
2025-11-16,Mumbai,53.6,99.5,20.1,5.2,99
2025-11-16,Bangalore,43.4,114.6,25.6,12.7,114
2025-11-16,Kolkata,50.6,109.9,25.5,9.1,95
2025-11-16,Hyderabad,51.5,88.7,28.8,8.7,73
2025-11-16,Chennai,76.1,122.6,22.4,7.0,114
2025-11-17,Delhi,302.7,416.5,73.7,12.0,393
2025-11-17,Mumbai,74.4,108.7,28.7,9.2,91
2025-11-17,Bangalore,42.5,94.8,23.4,8.7,83
2025-11-17,Kolkata,70.8,114.6,21.2,7.9,116
2025-11-17,Hyderabad,77.4,98.3,34.4,5.9,92
2025-11-17,Chennai,90.1,140.4,20.5,11.0,140
2025-11-18,Delhi,281.8,372.0,62.1,8.3,369
2025-11-18,Mumbai,92.4,92.9,33.7,7.4,115
2025-11-18,Bangalore,63.7,83.3,32.7,9.7,75
2025-11-18,Kolkata,70.6,97.3,30.0,11.1,83
2025-11-18,Hyderabad,65.7,89.5,31.5,9.5,77
2025-11-18,Chennai,68.6,99.3,32.1,7.2,87
2025-11-19,Delhi,293.6,399.8,74.4,11.3,379
2025-11-19,Mumbai,73.4,131.7,30.0,12.5,111
2025-11-19,Bangalore,66.2,119.7,31.6,12.3,115
2025-11-19,Kolkata,48.8,77.8,26.6,5.9,65
2025-11-19,Hyderabad,79.6,93.8,31.8,5.3,95
2025-11-19,Chennai,61.9,142.0,22.5,5.2,121
2025-11-20,Delhi,266.8,379.1,61.8,11.5,337
2025-11-20,Mumbai,56.0,91.7,32.5,5.9,96
2025-11-20,Bangalore,35.7,112.3,25.4,8.4,114
2025-11-20,Kolkata,39.3,75.2,27.1,9.0,72
2025-11-20,Hyderabad,54.1,98.6,31.7,10.6,97
2025-11-20,Chennai,77.4,108.1,32.7,9.0,110
2025-11-21,Delhi,293.1,393.8,61.9,11.0,391
2025-11-21,Mumbai,54.2,107.2,24.2,9.4,108
2025-11-21,Bangalore,66.4,107.7,24.2,7.1,98
2025-11-21,Kolkata,45.1,93.4,29.8,12.0,98
2025-11-21,Hyderabad,44.6,98.7,30.1,13.0,79
2025-11-21,Chennai,91.6,113.6,23.5,9.6,129
2025-11-22,Delhi,274.1,394.6,73.8,7.6,357
2025-11-22,Mumbai,51.8,122.4,24.2,11.6,121
2025-11-22,Bangalore,65.7,112.5,25.3,7.7,102
2025-11-22,Kolkata,62.3,99.9,20.8,11.0,98
2025-11-22,Hyderabad,68.2,74.9,20.3,5.7,81
2025-11-22,Chennai,85.6,116.5,28.3,9.3,103
2025-11-23,Delhi,309.6,387.7,64.0,10.0,394
2025-11-23,Mumbai,50.6,117.8,34.2,9.4,108
2025-11-23,Bangalore,36.0,83.5,22.0,9.0,74
2025-11-23,Kolkata,39.7,81.9,34.6,11.2,68
2025-11-23,Hyderabad,51.2,87.1,33.3,11.3,87
2025-11-23,Chennai,74.6,114.2,23.0,12.9,99
2025-11-24,Delhi,271.8,367.3,70.4,5.1,346
2025-11-24,Mumbai,80.2,98.6,24.6,9.8,112
2025-11-24,Bangalore,70.1,126.2,21.4,6.7,114
2025-11-24,Kolkata,62.0,95.9,24.8,10.1,89
2025-11-24,Hyderabad,70.3,86.5,28.1,12.6,100
2025-11-24,Chennai,62.3,121.7,28.7,8.8,119
2025-11-25,Delhi,279.4,412.5,62.4,11.0,380
2025-11-25,Mumbai,51.8,111.8,23.0,10.3,99
2025-11-25,Bangalore,56.7,107.3,31.0,8.1,105
2025-11-25,Kolkata,75.4,125.8,31.0,8.0,117
2025-11-25,Hyderabad,44.8,90.8,21.7,7.7,84
2025-11-25,Chennai,86.4,143.1,28.0,6.7,134
2025-11-26,Delhi,294.1,383.0,64.2,5.7,387
2025-11-26,Mumbai,93.8,104.8,30.7,9.1,134
2025-11-26,Bangalore,40.9,83.9,24.6,9.8,82
2025-11-26,Kolkata,38.0,80.9,26.0,12.7,82
2025-11-26,Hyderabad,58.8,91.0,30.0,6.4,72
2025-11-26,Chennai,53.7,91.5,20.0,10.6,78
2025-11-27,Delhi,296.3,390.4,63.8,13.0,381
2025-11-27,Mumbai,73.6,136.8,32.7,6.9,135
2025-11-27,Bangalore,78.3,77.5,33.3,8.8,108
2025-11-27,Kolkata,42.2,118.1,28.0,6.6,114
2025-11-27,Hyderabad,54.4,114.0,31.4,7.2,108
2025-11-27,Chennai,82.4,113.3,27.0,10.8,107
2025-11-28,Delhi,295.0,376.2,71.3,6.4,375
2025-11-28,Mumbai,87.7,135.7,34.6,5.5,128
2025-11-28,Bangalore,74.3,129.0,21.2,5.4,117
2025-11-28,Kolkata,43.1,127.0,34.0,10.0,126
2025-11-28,Hyderabad,42.7,91.5,30.6,8.7,76
2025-11-28,Chennai,89.6,123.9,23.5,10.8,106
2025-11-29,Delhi,276.9,364.4,73.7,8.9,360
2025-11-29,Mumbai,52.8,110.5,32.0,6.5,91
2025-11-29,Bangalore,51.6,87.1,22.9,5.5,83
2025-11-29,Kolkata,36.1,78.1,24.8,5.9,78
2025-11-29,Hyderabad,53.1,97.6,22.0,8.3,85
2025-11-29,Chennai,51.3,114.2,23.1,7.9,96
2025-11-30,Delhi,282.8,375.9,62.7,6.8,374
2025-11-30,Mumbai,93.2,100.6,30.5,8.1,128
2025-11-30,Bangalore,73.2,111.3,25.0,8.9,102
2025-11-30,Kolkata,57.8,126.1,31.7,8.0,119
2025-11-30,Hyderabad,52.7,76.9,30.4,5.2,65
2025-11-30,Chennai,58.4,92.4,33.8,10.2,74
2025-12-01,Delhi,303.1,403.1,71.6,7.2,388
2025-12-01,Mumbai,71.4,148.8,28.7,12.6,129
2025-12-01,Bangalore,49.3,122.2,28.3,9.1,116
2025-12-01,Kolkata,51.0,79.9,26.1,7.1,72
2025-12-01,Hyderabad,65.0,126.9,30.7,6.5,116
2025-12-01,Chennai,80.2,137.4,24.7,7.2,129
2025-12-02,Delhi,281.0,402.4,64.1,12.4,370
2025-12-02,Mumbai,72.2,94.5,25.8,5.4,99
2025-12-02,Bangalore,68.3,126.6,20.7,11.7,115
2025-12-02,Kolkata,58.9,88.8,23.6,7.2,86
2025-12-02,Hyderabad,57.2,123.5,29.1,12.9,118
2025-12-02,Chennai,65.4,90.1,34.4,9.8,85
2025-12-03,Delhi,292.3,375.8,60.8,8.5,370
2025-12-03,Mumbai,82.2,101.1,29.6,12.1,104
2025-12-03,Bangalore,43.4,82.9,28.7,11.8,67
2025-12-03,Kolkata,79.7,117.5,26.0,5.6,101
2025-12-03,Hyderabad,57.1,100.5,26.4,10.5,89
2025-12-03,Chennai,91.8,147.4,27.5,10.3,134
2025-12-04,Delhi,285.0,418.0,74.9,12.8,370
2025-12-04,Mumbai,80.7,110.4,25.2,7.8,95
2025-12-04,Bangalore,70.4,87.1,30.1,12.7,94
2025-12-04,Kolkata,73.0,107.7,31.9,12.8,104
2025-12-04,Hyderabad,59.1,124.1,30.4,10.6,114
2025-12-04,Chennai,63.3,122.0,27.4,8.5,114
2025-12-05,Delhi,306.4,400.9,74.4,7.6,409
2025-12-05,Mumbai,56.7,134.1,31.2,5.7,110
2025-12-05,Bangalore,63.6,108.1,26.6,6.9,109
2025-12-05,Kolkata,73.7,93.2,30.2,7.0,85
2025-12-05,Hyderabad,68.3,91.4,30.0,7.3,93
2025-12-05,Chennai,63.8,110.0,21.1,11.8,96
2025-12-06,Delhi,281.8,369.1,72.6,5.9,358
2025-12-06,Mumbai,69.4,96.3,33.4,5.9,84
2025-12-06,Bangalore,64.2,122.8,32.9,11.5,111
2025-12-06,Kolkata,56.0,86.0,28.7,6.3,90
2025-12-06,Hyderabad,39.5,109.3,23.4,7.9,102
2025-12-06,Chennai,56.9,105.3,31.7,5.7,106
2025-12-07,Delhi,274.4,408.8,69.4,12.3,373
2025-12-07,Mumbai,78.2,149.6,27.6,7.1,139
2025-12-07,Bangalore,40.1,116.4,31.0,6.4,97
2025-12-07,Kolkata,69.8,84.3,20.7,11.7,101
2025-12-07,Hyderabad,78.9,83.5,29.9,11.7,113
2025-12-07,Chennai,52.6,90.2,34.7,8.1,95
2025-12-08,Delhi,299.1,404.8,71.8,12.8,386
2025-12-08,Mumbai,61.1,142.3,21.8,6.4,132
2025-12-08,Bangalore,55.6,82.5,34.0,10.4,71
2025-12-08,Kolkata,66.5,115.3,22.1,8.6,95
2025-12-08,Hyderabad,43.5,115.3,31.0,8.5,98
2025-12-08,Chennai,79.4,95.8,27.4,7.0,102
2025-12-09,Delhi,267.6,400.5,65.3,7.7,363
2025-12-09,Mumbai,69.5,135.6,34.1,9.1,123
2025-12-09,Bangalore,37.9,114.5,21.0,12.1,99
2025-12-09,Kolkata,58.8,101.4,27.5,11.4,99
2025-12-09,Hyderabad,68.0,72.3,24.8,11.3,92
2025-12-09,Chennai,90.9,126.1,32.2,6.7,114
2025-12-10,Delhi,295.3,360.6,66.0,11.7,396
2025-12-10,Mumbai,65.7,114.7,34.6,11.8,97
2025-12-10,Bangalore,58.3,70.5,22.7,8.1,88
2025-12-10,Kolkata,77.8,74.5,22.6,6.8,105
2025-12-10,Hyderabad,73.2,129.7,21.9,6.7,108
2025-12-10,Chennai,94.6,140.1,33.0,9.4,122
2025-12-11,Delhi,265.3,377.9,68.6,8.4,336
2025-12-11,Mumbai,59.6,127.2,30.3,7.0,116
2025-12-11,Bangalore,71.0,70.9,26.6,10.1,106
2025-12-11,Kolkata,50.1,117.2,25.8,5.0,103
2025-12-11,Hyderabad,77.1,81.4,24.5,5.4,90
2025-12-11,Chennai,76.1,121.0,30.8,11.4,117
2025-12-12,Delhi,305.2,410.9,64.8,7.2,394
2025-12-12,Mumbai,92.1,125.6,22.0,11.0,120
2025-12-12,Bangalore,43.3,78.4,34.3,7.3,60
2025-12-12,Kolkata,38.7,123.1,31.7,6.5,116
2025-12-12,Hyderabad,75.7,71.4,22.7,10.5,102
2025-12-12,Chennai,75.5,99.8,34.3,6.8,88
2025-12-13,Delhi,270.0,399.5,65.9,7.9,358
2025-12-13,Mumbai,77.1,138.1,33.5,5.5,134
2025-12-13,Bangalore,42.4,74.1,25.7,7.3,80
2025-12-13,Kolkata,65.7,99.9,29.9,8.7,90
2025-12-13,Hyderabad,75.3,123.3,24.1,7.4,116
2025-12-13,Chennai,85.2,110.9,32.1,5.5,121
2025-12-14,Delhi,280.0,391.0,74.1,8.0,367
2025-12-14,Mumbai,77.3,123.8,22.7,6.5,104
2025-12-14,Bangalore,78.5,78.1,30.0,7.9,92
2025-12-14,Kolkata,41.1,83.3,28.7,9.3,72
2025-12-14,Hyderabad,55.2,86.0,23.0,7.0,69
2025-12-14,Chennai,78.5,149.4,26.5,9.7,128
2025-12-15,Delhi,308.0,396.5,67.9,6.5,395
2025-12-15,Mumbai,79.2,105.5,28.4,10.9,96
2025-12-15,Bangalore,39.5,121.4,21.9,12.8,115
2025-12-15,Kolkata,68.2,104.7,20.8,11.5,93
2025-12-15,Hyderabad,60.7,118.8,22.2,9.6,99
2025-12-15,Chennai,83.6,110.2,23.5,7.5,118
2025-12-16,Delhi,276.0,385.1,71.4,6.6,369
2025-12-16,Mumbai,90.2,122.9,34.0,5.2,116
2025-12-16,Bangalore,71.2,104.5,21.6,8.6,103
2025-12-16,Kolkata,63.3,117.7,29.0,7.3,107
2025-12-16,Hyderabad,78.6,124.2,31.5,7.0,104
2025-12-16,Chennai,78.5,125.5,23.5,7.3,105
2025-12-17,Delhi,291.4,372.4,66.5,6.6,380
2025-12-17,Mumbai,61.3,115.2,23.9,5.8,104
2025-12-17,Bangalore,50.5,91.1,30.6,10.9,72
2025-12-17,Kolkata,61.4,107.3,30.6,10.9,95
2025-12-17,Hyderabad,78.6,101.5,30.2,12.0,103
2025-12-17,Chennai,67.0,95.0,23.6,12.9,78
2025-12-18,Delhi,303.0,384.5,73.6,8.6,391
2025-12-18,Mumbai,83.2,125.2,34.8,7.6,112
2025-12-18,Bangalore,40.1,100.6,21.3,6.3,85
2025-12-18,Kolkata,77.9,76.4,27.9,5.6,103
2025-12-18,Hyderabad,76.5,73.6,29.7,9.8,100
2025-12-18,Chennai,71.4,136.1,21.1,10.5,114
2025-12-19,Delhi,267.3,396.3,70.7,7.4,368
2025-12-19,Mumbai,92.0,122.8,20.3,12.7,122
2025-12-19,Bangalore,40.6,95.7,26.0,6.7,82
2025-12-19,Kolkata,71.5,99.7,23.1,9.9,104
2025-12-19,Hyderabad,77.6,112.4,22.7,10.0,110
2025-12-19,Chennai,78.8,102.8,24.0,6.6,116
2025-12-20,Delhi,301.9,389.0,68.9,9.5,405
2025-12-20,Mumbai,87.6,138.0,25.0,5.5,126
2025-12-20,Bangalore,58.3,71.8,26.8,9.2,74
2025-12-20,Kolkata,70.2,88.6,28.1,5.8,90
2025-12-20,Hyderabad,43.6,123.7,27.9,7.3,107
2025-12-20,Chennai,78.7,145.0,21.1,10.8,142
2025-12-21,Delhi,290.4,377.8,71.8,6.4,376
2025-12-21,Mumbai,69.6,144.6,34.5,9.5,128
2025-12-21,Bangalore,38.6,92.7,27.9,7.8,78
2025-12-21,Kolkata,42.5,70.2,30.5,7.8,76
2025-12-21,Hyderabad,75.9,87.8,24.4,6.3,104
2025-12-21,Chennai,74.8,125.9,22.6,7.5,120
2025-12-22,Delhi,299.2,367.3,62.4,7.8,399
2025-12-22,Mumbai,51.2,113.9,31.2,8.0,96
2025-12-22,Bangalore,78.6,108.7,23.9,7.1,108
2025-12-22,Kolkata,41.8,118.7,29.6,7.8,104
2025-12-22,Hyderabad,47.8,100.6,23.9,10.9,90
2025-12-22,Chennai,61.9,135.2,21.2,13.0,130
2025-12-23,Delhi,291.3,397.0,68.1,10.2,389
2025-12-23,Mumbai,58.6,124.1,20.8,8.9,124
2025-12-23,Bangalore,49.5,82.8,35.0,7.6,83
2025-12-23,Kolkata,63.8,82.6,22.3,7.9,92
2025-12-23,Hyderabad,56.5,97.3,25.2,6.0,101
2025-12-23,Chennai,65.6,126.6,22.4,11.4,127
2025-12-24,Delhi,298.3,371.2,69.2,9.2,397
2025-12-24,Mumbai,81.8,110.9,30.0,9.7,108
2025-12-24,Bangalore,78.5,121.8,21.7,6.7,112
2025-12-24,Kolkata,40.1,80.5,26.2,6.4,83
2025-12-24,Hyderabad,67.2,87.0,22.5,9.1,89
2025-12-24,Chennai,53.3,135.1,33.3,7.3,116
2025-12-25,Delhi,303.9,370.5,72.5,9.2,403
2025-12-25,Mumbai,80.8,125.8,23.7,11.5,109
2025-12-25,Bangalore,56.3,82.2,20.4,9.4,68
2025-12-25,Kolkata,35.6,85.3,33.7,11.7,86
2025-12-25,Hyderabad,70.1,129.6,20.4,6.2,121
2025-12-25,Chennai,83.4,131.3,20.5,11.3,120
2025-12-26,Delhi,284.6,390.0,72.1,12.7,382
2025-12-26,Mumbai,57.7,96.7,29.2,7.1,96
2025-12-26,Bangalore,43.0,104.6,31.8,11.3,104
2025-12-26,Kolkata,49.3,128.7,23.7,9.3,108
2025-12-26,Hyderabad,70.2,100.4,33.8,12.1,105
2025-12-26,Chennai,62.1,133.7,25.6,9.0,115
2025-12-27,Delhi,290.3,399.1,61.9,11.8,367
2025-12-27,Mumbai,65.6,138.9,28.6,7.0,125
2025-12-27,Bangalore,38.7,85.1,31.3,5.9,88
2025-12-27,Kolkata,62.3,113.5,25.8,11.5,109
2025-12-27,Hyderabad,62.8,110.6,33.7,8.5,100
2025-12-27,Chennai,91.9,146.8,27.7,10.0,128
2025-12-28,Delhi,292.9,405.7,71.2,12.9,390
2025-12-28,Mumbai,70.7,128.3,25.7,9.4,129
2025-12-28,Bangalore,73.2,129.8,26.2,8.2,112
2025-12-28,Kolkata,35.0,85.7,34.2,10.2,74
2025-12-28,Hyderabad,42.3,116.4,34.1,9.8,103
2025-12-28,Chennai,63.4,107.1,25.1,9.2,99
2025-12-29,Delhi,303.6,394.7,73.1,7.4,388
2025-12-29,Mumbai,50.2,92.6,32.7,9.0,73
2025-12-29,Bangalore,71.3,77.9,30.4,9.1,85
2025-12-29,Kolkata,61.2,111.6,31.7,6.0,98
2025-12-29,Hyderabad,36.7,74.3,32.0,6.5,69
2025-12-29,Chennai,50.9,105.4,31.5,5.4,88
2025-12-30,Delhi,288.0,411.6,68.8,7.0,376
2025-12-30,Mumbai,92.9,119.8,27.4,5.8,116
2025-12-30,Bangalore,60.8,83.3,30.0,8.0,86
2025-12-30,Kolkata,60.1,76.8,28.0,7.9,73
2025-12-30,Hyderabad,55.5,85.8,33.9,5.4,82
2025-12-30,Chennai,92.1,90.8,28.3,10.5,115
2025-12-31,Delhi,309.0,370.5,61.1,10.0,413
2025-12-31,Mumbai,71.7,123.4,27.6,10.7,122
2025-12-31,Bangalore,65.0,116.6,25.3,6.2,115
2025-12-31,Kolkata,58.4,85.3,24.0,8.6,71
2025-12-31,Hyderabad,59.7,108.0,31.0,8.9,110
2025-12-31,Chennai,52.7,127.3,32.6,12.2,117
